,title,ISBN,keywords
0,解忧杂货店,978-7-5442-7087-8,杂货店 投进 牛奶箱 回答 东野圭吾 梦想 琴声 僻静 信口 思域
1,半小时漫画中国史 : 其实是一本严谨的极简中国史,978-7-5399-9988-3,班级 事儿 中国史 理解 二混子 历史 过把瘾 败家子 漫画 八卦
2,原则 = Principles,978-7-5086-8403-1,原则 桥水 创始人 公司 工作 对冲 管理 投资 金融 基金
3,半小时漫画中国史 . 2,978-7-5443-8204-5,漫画 历史 中国史 三大战役 二混子 手绘 做足 东风 流水账 王莽篡汉
4,半小时漫画世界史,978-7-5594-1811-1,历史 简到 欧洲史 崩溃 二混子 世界史 美国 勇士 屏幕 往事
5,三体 . [Ⅰ] : 地球往事三部曲之一,978-7-5366-9293-0,三体 红岸 地球 宇宙 闪烁 发来 母星 基础科学 人类 质子
6,窗边的小豆豆,978-7-5442-5058-0,窗边的小豆豆 黑柳彻子 教育 小豆豆 小学 证明 世纪 全球 校长 童年
7,追风筝的人 = THE KITE RUNNER,978-7-208-06164-4,追风筝的人 阿富汗 再度 救赎 心力 少爷 自责 富家 重演 逃往
8,三体 . Ⅱ :黑暗森林,978-7-5366-9396-8,面壁 三体 黑暗森林 地球 舰队 庞大 展开 利用 计划 挑选出
9,今日简史 = 21 Lessons for the 21st century : 人类命运大议题,978-7-5086-9209-8,简史 挑战 数据 颠覆 全球 人工智能 生物 旧故 简史三部曲 人类
10,米小圈上学记 :班里有个小神童,978-7-5365-8819-6,米小圈 爆笑 漫画 神童 四年级 北猫 玩耍 叔叔 学习 姐姐
11,查理和大玻璃升降机,978-7-5332-5960-0,查理和大玻璃升降机 负数 地带 姥姥 太空 下床 最老 旺卡 运输船 吞下去
12,哈利·波特与魔法石 : 纪念版,978-7-02-010329-4,法学 魔法 罗琳 图书奖 封面 猫头鹰 读者 全新 摆满 口令
13,未来简史 = Homo deus: a brief history of tomorrow : 从智人到神人,978-7-5086-7206-9,人类 人文主义 面临 数据 生物 发展 神人 科学技术 意识 议题
14,揭秘恐龙,978-7-5417-3825-8,恐龙 看里面系列 套装 地球 展现 冠饰 壮丽 惊异 儿童阅读 唤起
15,查理和巧克力工厂,978-7-5332-5961-7,工厂 奖券 查理 车间 查理和巧克力工厂 参观 电视 大门 孩子 全世界
16,女巫,978-7-5332-5954-9,女巫 老鼠 干掉 识别 配方 消灭 姥姥 杀死 学会 相会
17,皮囊 = No more than skins,978-7-201-08894-5,皮囊 房子 回答 母亲 蔡崇达 拿来 残疾 始终 阉割 厚朴
18,哈利·波特与密室 : 纪念版,978-7-02-010330-0,往事 法学 密室 日记 盥洗室 学年 揭发 汤剂 桃金 报偿
19,幸福的鸭子,978-7-5332-5329-5,幸福的鸭子 幸福 鸭子 笑猫日记 有暴风雨 土喜 荷叶 填充 拖拖 冰镇
20,揭秘机场,978-7-5417-4307-8,飞机 机场 起飞 行李 揭秘 运送 货物 零距离 宝宝书 低幼
21,哈利·波特与火焰杯 : 纪念版,978-7-02-010332-4,项目 魔法 争霸赛 火焰杯 三强 世界杯赛 法学 解放阵线 回咒 冥想
22,揭秘海洋,978-7-5417-6335-9,动物 揭秘 海岸边 防御 珊瑚礁 海域 攻击 介绍 乐乐趣绘本馆 蒙氏教育
23,好好说话 : 新鲜有趣的话术精进技巧,978-7-5086-7150-5,好好说话 尴尬 沟通 技巧 谈判 表达 有趣 说话技巧 辩论 话术
24,人类简史 : 从动物到上帝 = Sapiens:a brief history of humankind,978-7-5086-6075-2,丛书 见识 人类简史 历史 革命 人类 科学 审视 认知革命 动物
25,见识,978-7-5086-8460-4,见识 工作 误区 谈谈 投资 职业 吴军 商业 取决于 职场
26,揭秘地下,978-7-5417-3826-5,翻翻书 揭秘 孩子 英文科学绘本 岩浆 中文绘本 幼虫 童书 英国 有多深
27,看见,978-7-5495-2932-2,柴静 报道 经受 记者 记录 新闻 现场 留下 选择 主持人
28,哈利·波特与阿兹卡班囚徒 : 纪念版,978-7-02-010331-7,摄魂 猫头鹰 地奇 章活点 茶叶 怀恨在心 姑妈 梦话 叉子 尖头
29,半小时漫画中国史 . 3,978-7-5443-8205-2,大唐 漫画 历史 中国史 开门红 败家 番外篇 二混子 手绘 升职
30,狼图腾,978-7-5354-7689-0,狼图腾 图书 姜戎 电影 畅销书 占据 公映 中国小说 外景 传人
31,想变成人的猴子,978-7-5332-5141-3,猴子 回合 马小跳 暴雨 笑猫日记 虐待 绿岛 秘密会议 赶出 香风
32,撒哈拉的故事,978-7-5302-1478-7,撒哈拉 三毛 撒哈拉的故事 沙漠 回忆 散文 更何况 不减 脸孔 热度
33,半小时漫画唐诗,978-7-5594-3618-4,代表 漫画 诗人 边塞 领路人 陈磊 二混子 读懂 空山 大官
34,恶意,978-7-5442-8514-8,恶意 东野圭吾 加贺恭一郎 凶手 加贺 案子 野口 动机 杰作 手记
35,悲剧人偶,978-7-5302-1819-8,人偶 悲剧 东野圭吾 女人 悲鸣 护栏 步行 冲向 烧脑 轮椅
36,能闻出孩子味儿的乌龟,978-7-5332-5330-1,味儿 甲骨文 犹如 孩子 童年 温暖 马小跳 梦想 刻满 火龙果
37,云边有个小卖部 = Moments we shared,978-7-5404-8764-5,外婆 小卖部 故事 婚礼 底色 拼凑 大厦 自幼 玩伴 边镇
38,三体 . Ⅲ :死神永生 = Three body . Ⅲ :Dead end,978-7-229-03093-3,宇宙 三体 战场 战争 死神 真相 游吟 蹒跚 披风 残歌
39,围城,978-7-02-009000-6,围城 钱钟书 并入 千般 世井 调料 添加 必得 钱锺书 杨绛
40,如何阅读一本书 = How to read a book,978-7-100-10618-4,阅读 骨架 肌肉 透视 找出 作者 建议 分析 基础 附录
41,哈利·波特与“混血王子” : 纪念版,978-7-02-010333-1,混血王子 地魔 法学 神秘 战争 找到 部长 银器 冰霜 相助
42,揭秘地球,978-7-5417-3761-9,地球 看里面系列 英国 沙漠 孩子 星级 大气层 阅读培养 宇宙空间 暖水
43,将军胡同,978-7-5016-1000-6,将军胡同 鲜活 味儿 将军 作品 感受 悲壮 耍猴 六月雪 名物
44,好心眼儿巨人,978-7-5332-5955-6,好心眼儿巨人 女儿 睡着 巨人 卧室 图书 动静 想像力 国语版 吹进来
45,夏洛的网 = Charlotte's web,978-7-5327-6737-3,集市 怀特 命运 小猪 蜘蛛 奇迹 温暖 迸展 卵袋 凉爽
46,小白的选择,978-7-5332-6609-7,球球老老鼠 小白的选择 地包 寄生虫 笑猫日记 女人 终于 日夜兼程 黑纱 踪影
47,亨利·休格的神奇故事,978-7-5332-7884-7,休格 神奇 故事 机缘 瑜伽 幸运 万物 笔记 不用 眼睛
48,揭秘大脑,978-7-5417-4074-9,大脑 最最 实验 感知 揭秘 脑科学 饼饼 试一试 无意识 控制室
49,月亮和六便士 = The moon and sixpence,978-7-201-10015-9,月亮 世俗 艺术家 象征 代表 内心 精神境界 清贫 偶然间 哀荣
50,十宗罪 : 中国十大凶杀案,978-7-5404-4676-5,碎尸 色狼 凶杀 雪人 异装癖 皮草 囚奴 精神病院 肢体 地窖
51,青铜葵花,978-7-5016-0507-1,葵花 苦难 女孩 青铜葵花 青铜 遥望 男孩 美好 纯净 曹文轩
52,唐家小仙妹,978-7-5597-0253-1,婴儿 妹妹 马小跳 名字 花篮 摇篮曲 好榜样 许愿 仙妹 无价之宝
53,如果历史是一群喵 :春秋战国篇,978-7-5593-3026-0,历史 肥志 爱豆 漫画 人气 便当 文献 四格 打破 跌宕
54,蓝色的兔耳朵草,978-7-5332-5591-6,蓝色 耳朵 虎皮 老鼠 花豹 湖怪 笑猫日记 喝醉 治好 枯树
55,如果历史是一群喵 . 3 :秦楚两汉篇,978-7-5570-1747-7,历史 肥志 漫画 收录 科普 始皇 可帅 一统天下 花絮 文献资料
56,十宗罪 . 2 :中国十大凶杀案,978-7-5404-4983-4,十宗罪 变态 蔷薇 凶杀案 炸弹 女尸 恐怖 电梯 鬼胎 护垫
57,偷影子的人 = Le voleur d'ombres,978-7-5404-5595-8,影子 温情 偷来 愈小 感人 生命 点亮 风筝 光芒 写下
58,一头灵魂出窍的猪,978-7-5332-6255-6,笑猫日记 出窍 黑旋风 犹如 小猪 灵魂 温暖 花背 神灵 碉堡
59,独闯天下,978-7-5332-5962-4,独闯天下 刺激 爆发 伤员 一步之遥 受训 战斗机 派往 中学毕业 敌机
60,哈利·波特与凤凰社 : 纪念版,978-7-02-010334-8,魔法 封闭 面对 考试 受审 日益增长 校方 伤病 校领导 新任
61,揭秘二十四节气,978-7-5417-5555-2,节气 二十四节气 趣味 审订 编排 相关 知识点 知识 须臾 翻翻书
62,如果历史是一群喵 :夏商西周篇,978-7-5593-1365-2,历史 商汤 肥志 商王 直白 大禹 猫猫 接地 大禹治水 桥段
63,天使之耳 : 交通警察之夜,978-7-02-015107-3,车祸 驾车 日常 司机 交通 平淡 伤害 开车 天使 结局
64,了不起的狐狸爸爸,978-7-5332-5956-3,狐狸 了不起的狐狸爸爸 饲养场 追捕 铁锹 除掉 一惊 苹果酒 凶狠 射击
65,青蛙合唱团,978-7-5332-8604-0,青蛙 活不下去 广场 合唱团 歌声 家园 来到 星星 苹果 月亮
66,第十年的情人节,978-7-02-013331-4,情人节 东野圭吾 情人 人心 烛照 摔坏 天马行空 拘束 出租 棱镜
67,白夜行,978-7-5442-5860-9,案件 黑夜 东野圭吾 悲凉 年度 推理小说 救赎 相关者 离奇命案 利器
68,北京寻宝记,978-7-5391-7983-4,寻宝记 豆子 大中华 漫画书 隐藏 狡诈 见分晓 故宫 文物 开发商
69,十岁那年 = Inside out back again,978-7-5414-5200-0,语法 家园 回应 十岁那年 赖清河 木瓜 帐篷 聪明 行李 纠结
70,夏洛的网 = Charlotte's web,978-7-5327-5784-8,夏洛的网 书屋 集市 命运 小猪 蜘蛛 卵袋 特别奖 阅读 猪栏
71,假如真有时光机,978-7-5442-9249-8,光机 村上春树 熊本 拜访 旅行 小岛 故居 不论怎样 再访 葡萄酒
72,人间失格,978-7-201-07970-7,人间失格 太宰治 道化 香烟 斜阳 年谱 奔跑 候鸟 译出 遗作
73,哈利·波特与死亡圣器 : 纪念版,978-7-02-010335-5,罗琳 伏笔 故事 图书奖 悬念 封面 孩子们 发展 校园 全新
74,狼王梦,978-7-5342-5630-1,狼王梦 暗算 寄望 碧空 恶狼 品性 断捕 大灰狼 警犬 掌声
75,查理九世 . [4] :法老王之心 = Pharoah's heart,978-7-5342-6210-4,地狱 心脏 天秤 博物馆 展览 首饰盒 法老王之心 台阶 古埃及 通往
76,四川寻宝记,978-7-5391-8309-1,四川寻宝记 图腾 司徒 神兽 伺机而动 鸟头 神鸟 大佛 玉板 紧跟
77,查理九世 . [7] :青铜棺的葬礼 = Charlieix Ⅸ & Dodomo :the funeral of bronze coffin,978-7-5342-6418-4,社区 青铜棺的葬礼 青铜 查理九世 格格 邀请函 百鬼 红线 夜行 甬道
78,"思考，快与慢 = Thinking,fast and slow",978-7-5086-3355-8,作出 直觉 系统 风险 效应 偏见 错觉 判断 选择 决策
79,重庆寻宝记,978-7-5391-7982-7,头骨 重庆寻宝记 古人类 探险 漫画 觊觎 重庆火锅 横生 斗法 卡通漫画
80,小乔治的神奇魔药,978-7-5332-5964-8,小乔治的神奇魔药 姥姥 夫妇 脾气坏 电源 发黄 神药 椅子 妖婆 几秒钟
81,揭秘二战,978-7-5417-5363-3,孩子 揭秘 形式 英国 好奇心 科普 科学 探索 翻翻 图书
82,假面前夜,978-7-5442-6312-2,新田 酒店 新人 杀人 男人 蒙面 介会 追星族 大学教授 前男友
83,活着,978-7-5063-6543-7,自序 评选 儿女 文学奖 悲惨 香港 妻子 母亲 世纪 求药
84,薛兆丰经济学讲义 = Economics lecture notes,978-7-5086-8958-6,经济学 成本 定律 价格 歧视 需求 管制 权利 经济周期 交易
85,安德的游戏 = Ender's game,978-7-5339-4494-0,游戏 探讨 虫族 舰队 书架上 科幻 找到 世界末日 书店 世界
86,孩子们的秘密乐园,978-7-5332-6720-9,孩子们 乐园 秘密 笑猫日记 楠木 培养 孩子 情感 沉寂 蕴涵
87,天津寻宝记,978-7-5391-7980-3,天津寻宝记 天津 风貌 地理 大中华 漫画书 介绍 天塔 啊啊啊啊啊啊 文珠
88,窗边的小豆豆,978-7-5442-8859-0,窗边的小豆豆 电车 小豆豆 黑柳彻子 学校 教育 小学 校长 味道 再见
89,房思琪的初恋乐园,978-7-5596-1463-6,老师 下楼 不行 作文 以军 锦华 宏志 文学 蒋方舟 初恋
90,许三观卖血记 = Chronicle of a blood merchant,978-7-5302-1603-3,许三观 血记 余华 韩国 入选 尊严 贵客 娶亲 丝厂 文教
91,湖北寻宝记,978-7-5391-8462-3,窃案 神农架 寻宝记 决战 三峡大坝 生肖 龙舟 少年队 大暴走 竞会
92,毛毛 : 时间窃贼和一个小女孩的不可思议的故事,978-7-5391-4746-8,生命 小女孩 现代人 不顾 物质 胜利 人类 时间 老人 又会有
93,我不,978-7-5404-8219-0,善意 大冰 故事 免费 真实 度外 浪荡 基础教育 不服 灾区
94,挪威的森林,978-7-5327-4292-9,直子 渡边 绿子 交往 村上春树 自杀 腼腆 探望 同处 阴翳
95,查理九世 . [26] :雪山巨魔,978-7-5342-9249-1,雪人 猎人 木屋 雪山巨魔 禁区 封存 山神 真相 查理九世 隐藏
96,骆驼祥子,978-7-5442-4627-9,骆驼 离婚 老舍 幽默 京派 写于 文学名著 四世同堂 生活气息 不可多得
97,第七天 = The seventh day,978-7-5133-1210-3,第七天 殡仪馆 余华 火化 荒诞 绝望 名字 读者 拉锯 孑孓
98,湖南寻宝记,978-7-5568-0215-9,寻宝记 漫画 足尖 李艳 毒誓 亲和 八方风雨 莲池 岳阳楼记 风貌
99,杀死一只知更鸟 = To kill a mockingbird,978-7-5447-6650-0,杀死 成长 塑造 父母 提供 意义 图书 美国文学 世界 国界
100,揭秘房屋,978-7-5417-5230-8,庭院 房屋 大房子 豪宅 别墅 意大利 揭秘 玥玥藏书 奢华 盛况
101,朗读者 . 1,978-7-02-013070-2,朗读 朗读者 文本 节选 节目 麦家 冰心 董卿 访谈 名家
102,朗读者 : 青少版,978-7-02-013073-3,朗读 文本 朗读者 节选 节目 特别 张小娴 周国平 麦家 冯骥才
103,草房子,978-7-5016-0509-5,草房子 男孩 艾地 垂暮 悲怆 相拼 油麻 细马 校园生活 残疾
104,流浪地球,978-7-5113-6080-9,地球 流浪 科幻 计划 怀揣 阻塞 朝闻 频带 平息 不复存在
105,草房子,978-7-5346-1872-7,草房子 作品 叙述 男孩 情感 可供 通篇 启蒙教育 由始至终 浪漫主义小说
106,红星照耀中国 = RED STAR OVER CHINA,978-7-02-011613-3,红军 红色 译本 保安 红星 共产党 运动 长征 西行漫记 家属
107,人生海海,978-7-5302-1921-8,麦家 向来 古怪 斗争 拿主意 扳着 神经病 出奇 嗑瓜子 指头
108,假面山庄,978-7-5302-1755-9,绑匪 众人 东野圭吾 避暑 极短 电闸 定时器 萌生 持枪 短路
109,朗读者 . 3,978-7-02-013072-6,朗读者 朗读 文本 节目 阅读 张小娴 周国平 访谈 名家 照片
110,虎皮猫，你在哪里,978-7-5332-5331-8,虎皮 我心 波斯猫 敲钟 身影 高贵 笑猫日记 日子 祈福 男猫
111,十宗罪前传,978-7-5404-6092-1,犯罪 十宗罪 采生 传销 人贩 公关先生 盗亦有道 国产推理小说 斗殴 折割
112,岛上书店 = The storied life of A.J.Fikry,978-7-5399-7181-0,书店 图书馆 日报 憎恶 阅读 小岛 美国 爱书人 陷于 重温
113,狼图腾小狼小狼,978-7-5342-5664-6,小狼 草原 狼图腾 作者 精灵 挖出 狗窝 溜掉 可拜 开饭
114,你坏,978-7-5404-8766-9,复原 大冰 茶者 不留 淬火 标点 脱胎 删减 加料 普通人不普通的故事
115,揭秘古诗词,978-7-5417-6518-6,诗词 孩子 翻翻 小史 赏析 翻翻书 全书 插画 知识 写作方法
116,雄狮去流浪,978-7-5342-6492-4,雄狮去流浪 动物小说 动物小说大王沈石溪 藏书 沈石溪 理由 追求 大雄 情定 雌狮
117,长安十二时辰 . 下,978-7-5404-7833-9,独眼 身子 视线 后退 灯火 耳朵 光芒 见到 黑暗 等待
118,保姆狗的阴谋,978-7-5332-5142-0,阴谋 笑猫日记 公园 肃杀 要置 土里 鲤鱼池 死地 狂奔 马路
119,好小子 : 童年故事,978-7-5332-5958-7,自传 记录 记录下来 学校 童年 细节 小子 故事 典藏 遗漏
120,揭秘火车,978-7-5417-5232-2,火车 蒸汽 豪华 旅行 电气化 陈奕涵藏书 柴油机 除雪 磁悬浮列车 立体书
121,青铜葵花,978-7-5346-3336-2,葵花 女孩 苦难 青铜 遥望 男孩 青铜葵花 作品 至爱 相称
122,你是我不及的梦,978-7-5302-1347-6,三毛 关渡 清泉 撒哈拉 记忆 贯穿 结集 百福 月牙泉 你是我不及的梦
123,长安十二时辰 . 上,978-7-5404-7831-5,街道 学徒 担架 牛车 长安十二时辰 身子 视线 时辰 独眼 奔驰
124,时间的玫瑰 = Roses of time : 但斌投资札记 : 全新升级版,978-7-5086-8864-0,投资 价值投资 札记 企业 茅台 玫瑰 但斌 穿越 时间 巴菲特
125,蔡康永的情商课 : 为你自己活一次,978-7-5404-8155-1,情商 情绪 蔡康永 负面 能力 开心 课程 分身 标签 表现
126,揭秘数学,978-7-5417-4077-0,数学 数字 揭秘 乐乐趣科普翻翻书 数学知识 用到 抓住机会 多边形 梯子 中文桥梁书
127,富爸爸穷爸爸,978-7-220-10291-2,环节 讨论 爸爸 财商 学习 富爸爸穷爸爸 财富 富人 工作 父亲
128,三体 : 典藏版,978-7-229-10060-5,红岸 三体 宇宙 地球 闪烁 无人 科幻 质子 文化大革命 啼鸣
129,狼国女王,978-7-115-32971-4,狼国女王 狼群 堡垒 灾星 宰杀 血瘤 沈石溪笔下的第一位女王 斜眼 曲卡 出师不利
130,安徽寻宝记,978-7-5391-9744-9,青囊 牌坊 古道 有术 竞走 戏中戏 风流人物 光明顶 地藏王 考题
131,美国陷阱 = Le piege American,978-7-5217-0241-5,阿尔斯通 美国 检察官 开庭 认罪 大国博弈 看守所 贸易战 协议 国际政治
132,撒哈拉的故事,978-7-5302-1111-3,三毛 沙漠 撒哈拉的故事 华文 饭店 倾倒 台湾 全世界 散文 遍及
133,围城,978-7-02-012789-4,围城 钱钟书 讽刺 长篇小说 出版 特殊人群 群像 操守 历史背景 钱锺书
134,不上补习班的第一名,978-7-5353-5335-1,小米 自律 智律 不上补习班的第一名 妈妈 念书 行事历 样子 主角 慢慢
135,失乐园,978-7-5502-3041-5,情爱 渡边淳一 畅销书 婚外恋 都市生活 悲剧性 榜首 两性 雄踞 真切感
136,揭秘太空,978-7-5417-4075-6,太空 宇宙 太阳系 浩瀚 银河系 人类 爆炸 揭秘 探索 绘本
137,白说,978-7-5354-8110-8,白岩松 志愿 点儿 幸福 事儿 新闻 演讲 快乐 留住 药方
138,放学后,978-7-5442-9122-4,放学 东野圭吾 学校 死去 险些 淋浴 终此 容貌 步奖 川乱
139,默读 = The light in the night,978-7-5500-2510-3,犯罪者 异化 默读 社会关系 跪服 开脱 求索 设身处地 幽微 创伤
140,和鹦鹉对话的人,978-7-5597-0843-4,鹦鹉 视频 马小跳 对话 小女孩 直播 吸引 寻访 制造悬念 摇滚歌曲
141,写给孩子的哲学启蒙书 . 1 = Les gouters philo,978-7-5633-8385-6,哲学启蒙书 公平 给孩子 法律 自由 你好 丑陋 后记 幸福 工作
142,俗世奇人 : 足本,978-7-02-011093-3,俗世奇人 冯骥才 旧版 插图 足本 集成 手绘 自画 始作 大难
143,朗读者 . 2,978-7-02-013071-9,朗读者 文本 朗读 节目 阅读 冯骥才 董卿 战士 访谈 曹文轩
144,晓松奇谈 :命运卷,978-7-5404-8262-6,伪装者 海子 圣地 晓松奇谈 以色列 历史 大麻 转折关头 低效率 老乡
145,会唱歌的猫,978-7-5332-7433-7,笑猫日记 会唱歌的猫 病房 犹如 温暖 凄美 卖报 聋哑 鹩哥 感动
146,挪威的森林,978-7-5327-6554-6,挪威的森林 村上春树 青春 余音 口角 如露 动情 幽曲 病况 复苏
147,玛蒂尔达,978-7-5332-5953-2,奇迹 恶毒 校长 久久 很有想象力的书 金发 算术 农舍 经典作家 高潮迭起
148,漂亮女孩夏林果,978-7-5342-7319-3,林果 漂亮女孩 马小跳 淘气包马小跳系列 同桌 男生 典藏版 杨红樱 学校 装模作样
149,揭秘身体,978-7-5417-5233-9,身体 器官 骨骼 呼吸系统 血液循环 樱桃岁 鸡皮疙瘩 五感 泌尿系统 消化系统
150,塔顶上的猫,978-7-5332-5140-6,塔顶上的猫 老鼠 公园 游行 资格 笑猫日记 疯狂 著名 旋风 爬上去
151,十宗罪 . 5 :中国十大变态凶杀案,978-7-5404-7168-2,衣柜 奇案 控梦 蚊香 烧尸 浮尸 视频 杀人 惊悚 警察
152,人心至上,978-7-5168-1202-0,杜月笙 为人处世 雾满拦江 方法 生意 孤身 大事 做事 做人 政界
153,淘气包埃米尔,978-7-5007-9413-4,淘气 领班 淘气包埃米尔 伊达 猪血 林格伦 篮子 旗杆 爸爸 咖啡
154,孔雀屎咖啡,978-7-5342-9049-7,孔雀屎咖啡 咖啡店 老板 马小跳 揭露 淘气包马小跳 逃离 小伙伴 杨红樱 勇敢
155,阿比琳的夏天 = Moon over manifest,978-7-5414-5415-8,占卜 响尾蛇 阿比琳的夏天 间谍 爸爸 纽伯瑞 故事 香烟盒 放假 打探
156,大雪中的山庄,978-7-5302-1683-5,演员 大雪 失踪 东野圭吾 民宿 女演员 排练 剧本 舞台剧 外界
157,撒野 = Run freely,978-7-5596-2018-7,撒野 钢厂 救赎 父亲 学校 里脊肉 巫哲 右肩 粗鄙 寄养
158,没头脑和不高兴 : 荣誉珍藏版,978-7-5342-9359-7,没头脑 没头脑和不高兴 小妖精 设计 固执 看场 回放 馈赠 看戏 搭挡
159,我的晃荡的青春,978-7-5442-7886-7,晃荡 小学 东野圭吾 青春 读书 快乐 大师 学校 录取线 完过
160,牧羊少年奇幻之旅,978-7-5442-4419-0,牧羊少年奇幻之旅 保罗柯艾略 与心沟通 跨海 巴西 牧羊 炼金术士 悟出 羊群 卖掉
161,知否知否应是绿肥红瘦,978-7-5113-7333-5,姨娘 嬷嬷 女儿 装病 知否 关心则乱 乖张 丫头 规矩 女孩儿
162,给孩子讲量子力学,978-7-5139-1003-3,量子力学 物理 物理学家 李淼 顶尖 量子 科学 孩子 实验 世界
163,蔡康永的说话之道,978-7-5404-6778-4,蔡康永的说话之道 蔡康永 搞清楚 懂得 变得 透过 研究 有趣 话题 谈话
164,激荡十年，水大鱼大 : 中国企业2008-2018,978-7-5086-8262-4,企业史 激荡 大鱼 公司 吴晓波 改革开放 记录 变化 时代 全球
165,十宗罪 . 4 :中国十大凶杀案,978-7-5404-6351-9,琥珀 奸杀 闹鬼 人体 凶杀案 十宗罪 连环 变态 警察 电话
166,斑羚飞渡,978-7-5342-5003-3,斑羚 飞渡 动物 档案 动物小说 理由 追求 奶羊 老马 罪马
167,查理九世 . [24] :末日浮空城 = The air city of doomsday,978-7-5342-8621-6,浮空 冒险 协会 小队 接受考验 影迷 小伙伴 重重 登上 爷爷
168,断舍离,978-7-5404-8930-4,断舍离 杂物 物品 整理 人生 自在 收纳 扔掉 家居 观念
169,小狗钱钱,978-7-5442-4388-9,理财 投资 金钱 小狗钱钱 挣钱 支配 太太 俱乐部 梦想 取名
170,忠诚的流浪狗,978-7-5342-8061-0,金子 狗狗 马小跳 流浪狗 最酷 撞伤 男子汉 冤屈 摩托车 小伙伴
171,我们仨,978-7-108-05171-4,我们仨 杨绛 驿道 逝世 回忆录 钱钟书 家庭 附录 相失 失散
172,魔法手指,978-7-5332-5957-0,手指 变大 魔法 收录 魔法指头 为任 溶溶 罗尔德达尔 差异 很大
173,巨人的陨落 . Ⅰ = Fall of giants,978-7-5399-8989-1,巨人 失色 闪闪发光 煤矿 灰尘 矿工 法律系 英国小说 皇室 特工
174,兔子坡 = Rabbit hill,978-7-5414-5199-7,兔子 居民 搬来 动物 猜测 唱首歌 要来 蕴含着 书呆子 卡车
175,虚无的十字架,978-7-5404-7184-2,夜子 死刑 犯人 宣判 凶手 感到 处置 富士 终使 庆幸
176,蓝色的海豚岛 = Island of the blue dolphins,978-7-5307-4995-1,海豚 海獭 蓝色的海豚岛 野狗 离开 海象 国际大奖小说 捕猎 武器 勇捕
177,无人生还 = And then there were none,978-7-5133-2233-1,客人 无人生还 推理小说 死亡 船主 拖网渔船 珍号 各异 侦探推理 到齐
178,穷查理宝典 : 查理·芒格智慧箴言录 = Poor Charlie's almanack : the wit and wisdom of Charlie T. Munger,978-7-5086-6332-6,芒格 查理 巴菲特 演讲 毕业典礼 投资 谈话 传记 金融 商业
179,上海寻宝记,978-7-5391-7981-0,上海寻宝记 宝物 坏蛋 疯狂阅读 替罪羊 一年级暑假年月 偷窃 逛逛 甲板 夺回
180,再被狐狸骗一次,978-7-5342-5000-2,再被狐狸骗一次 动物 动物小说 档案 拯球 雌虎 情豹 平豹 火圈 变色
181,刺杀骑士团长 . 第1部 :显形理念篇,978-7-5327-7658-0,骑士团 真理 免色 邻居 绘画 画家 刺杀 房子 隐喻 奇妙
182,朝花夕拾 : 鲁迅专集 : 经典彩绘本,978-7-5477-0063-1,专集 彩绘 鲁迅 经典 记念 朝花夕拾 拿来主义 投枪 自语 杂文
183,超有料漫画中国史,978-7-5404-8947-2,中国历史 漫画 中国史 登场 炸天 咖酷炫 争抢 妖斗 武将 虎爸
184,乖，摸摸头,978-7-5404-6879-8,摸摸头 唱歌 不许 真实的故事 老兵 眼泪 故事 风尘 有的是 姑娘
185,皮皮鲁和309暗室,978-7-5342-9116-6,皮皮鲁 暗室 觅工 上帝 善良 勇敢 地球 变得 遗愿 健康成长
186,学生街的日子,978-7-5442-9372-3,东野圭吾 光平 学生 报警 日本推理 青春 落网 大喊 满员 耳熟
187,球球老老鼠,978-7-5332-6331-7,老鼠 球球 球球老老鼠 公园 笑猫日记 洞口 三宝 长生不老 乐园 走出
188,查理九世 . [9] :羽蛇神的黄金眼 = The golden eeye of quetzalcoatl,978-7-5342-6674-4,羽蛇 生灵 地球 死亡 地图 查理九世 侦探 奇怪 冒险 真相
189,三体 . Ⅱ :黑暗森林 : 典藏版,978-7-229-10061-2,三体 舰队 太阳系 纪年 光年 黑暗森林 危机 面壁 刘慈欣 宇宙
190,阁楼里的秘密 = The Callender Papers,978-7-5414-5417-2,文件 阁楼 家族 阁楼里的秘密 村庄 遗产 整理 庞大 婴儿 失踪
191,导盲犬迪克,978-7-5342-8099-3,迪克 主人 导盲犬 卖艺 桥洞 遗弃 被迫 出生 动物小说 穿越
192,1Q84 . BOOK 3 : 10月-12月,978-7-5442-4986-7,青豆 天吾 不夠 沒錯 空气 村上春树 眼睛 關閉 不錯 意識
193,湖畔,978-7-122-25015-5,丈夫 尸体 解说 东野圭吾 家庭 听说 妻子 亲情 推理悬疑 隐瞒
194,世界冠军丹尼,978-7-5332-5963-1,偷猎 父亲 父子俩 世界冠军 小男孩 乡间 故事 野鸡 其乐融融 胆略过人
195,就喜欢你看不惯我又干不掉我的样子 . 4,978-7-02-015127-1,巴扎黑 吾皇 爆笑 漫画 白茶 看不惯 脑洞 一家人 样子 神奇
196,揭秘物理,978-7-5417-4076-3,物理 看里面系列 飞行 发明 揭秘 起重机械 铲土机 供排水 马桶 简单机械
197,非暴力沟通 = Nonviolent communication,978-7-5080-8615-6,非暴力沟通 表达 感受 倾听 暴力 谈话 伤害 体会 隔阂 方式
198,听见颜色的女孩,978-7-5448-2617-4,女孩儿 表达 听见颜色的女孩 词语 意料之外 绝望 医生 妈妈 话机 听颜色的女孩
199,城南旧事 : 经典彩绘本,978-7-80716-912-3,彩绘 专集 经典 少年儿童 林海音 阅读 纯美 城南旧事 编者 冰心
200,蔡康永的说话之道 . 2,978-7-5404-6831-6,蔡康永的说话之道 说话之道 蔡康永 聊天 演练 一事 尊敬 八卦 敏感 相处
201,查理九世 . [8] :白骨森林 = Charlieix & Dodomo :The bone forest,978-7-5342-6417-7,白骨 森林 查理九世 附体 魔窟 请假 恶灵 紧急 桃源 迷路
202,耶路撒冷三千年 = Jerusalem: the biography,978-7-5139-0350-9,耶路撒冷 国王 家族 圣殿 十字军 大帝 美国 犹太 犹太人 战争
203,默读 . Ⅱ = The light in the night,978-7-5596-2193-1,默读 刑侦 求索 异化 跪服 社会关系 设身处地 犯罪者 开脱 破案
204,黎明之街,978-7-5442-9136-1,黎明之街 东野圭吾 嫌疑人 编辑 女主 献身 没想到 夹杂着 诉讼时效 地爱
205,晓松奇谈 :世界卷,978-7-5404-7830-8,美国 难民 大选 欧洲 拿破仑 骑士 天堂 单腿 危机 盛产
206,白狼荒原上的三天三夜,978-7-5448-3450-6,冰原 冰桥 飞机 急救 北极圈 坠落在 救援队 应急 狼影 绳索
207,暑假奇遇,978-7-5342-7316-2,淘气包马小跳系列 奇遇 野生动物 猴子 典藏版 奶奶家 穿山甲 野味 娃娃鱼 杀鸡
208,穿堂风,978-7-5016-1217-8,橡树 篱笆 国际安徒生奖 曹文轩 给每个孤独的心灵唱歌 草棚 天天出版社 水塘 河堤 手铐
209,哈利·波特与被诅咒的孩子 :第一部和第二部,978-7-02-012028-4,剧本 诅咒 舞台剧 孩子 魔法 罗琳 制作 全新 转换器 学龄
210,奔跑的放牛班,978-7-5397-9453-2,合唱团 放牛班 结巴 老师 林果 马小跳 动听 领唱 男童 团长
211,鸟奴,978-7-5342-5629-5,蛇雕 鸟奴 鹩哥 绝命 大鲵 占卦 眼镜蛇 处女 小蛇 长成
212,自在独行,978-7-5354-8847-3,平凹 独行 自在 热闹 孤独 素来 贾先生对于孤独的窥探 隐居 研磨孤独 走于
213,穆斯林的葬礼,978-7-5302-1283-7,穆斯林的葬礼 穆斯林 茅盾文学奖 作家 长篇小说 人民 必读 出版 播出 高度评价
214,宇宙往事,978-7-5502-7432-7,飞船 地球 科学家 宇宙 往事 飞去 太坑 流连 吞食 料想到
215,文化苦旅 : 新版,978-7-5354-4734-0,余秋雨 文化 文化苦旅 散文 常人 历史 修订 价值 考察 旧版
216,疯羊血顶儿,978-7-5342-6008-7,疯羊血顶儿 动物小说 动物 藏书 动物小说大王沈石溪 理由 追求 金丝猴 文化 雪崩
217,晓松奇谈 :情怀卷,978-7-5404-8308-1,炮儿 流行音乐 星战 码架 结伴 大选 圣地 晓松奇谈 民谣 大学生
218,态度,978-7-5086-9474-0,吴军 态度 做事 建议 大学 洞察 人会 贫穷 人际关系 老师
219,无羁,978-7-5411-5173-6,蓝忘机 无羁 血洗 折辱 骄矜 水火不容 墨香铜臭 禁术 仙门 我的最爱
220,晓松奇谈 :人文卷,978-7-5404-7906-0,高晓松 民国 女神 文卷 禅让 纯种 快递 大劫案 选举 汉人
221,阿弥陀佛么么哒,978-7-5404-7223-8,阿弥陀佛么么哒 大冰 善意 命中注定 流浪歌 有的是 温暖 故事 无关 选择
222,回眸一笑 . 下,978-7-5500-2799-2,监考 翻动 随风 试卷 姿势 微风 男孩子 长发 女孩子 随忆
223,天蓝色的彼岸 = The great blue yonder,978-7-80187-152-7,天蓝色的彼岸 感动 人性 死亡 寓言 幽灵 生命 适合 温暖 操场上
224,狂鲨深海的复仇行动,978-7-5448-3637-1,恤衫 海鸥 船员 游轮 鲨鱼 复仇 陷入 消失 防晕 开裂
225,伽利略的苦恼,978-7-5302-1684-2,汤川学 苦恼 幸正 救济 圣女 神探 凶手 认定 献身 嫌疑人
226,揭秘古埃及,978-7-5417-5362-6,古埃及 揭秘 建成 遐想 狮身人面像 赶集 雄伟 神秘色彩 提起 蜿蜒
227,雪国,978-7-5442-6559-1,雪国 川端康成 莫言 少女 事由 驹子 艺伎 落下 暮景 映着
228,一只猎雕的遭遇,978-7-5342-6506-8,一只猎雕的遭遇 花水 顶儿 动物小说 生涯 沈石溪 理由 追求 动物 义父
229,后来时间都与你有关,978-7-201-12071-3,张皓宸 后来时间都与你有关 叫嚣 影院 充分发挥 打烊 刀子嘴 笃信 鸡血 作家
230,新参者,978-7-5442-8110-2,钟表店 陶瓷器 加贺 推理小说 民间艺术 仙贝店 小伙计 品店 老板 参者
231,小孩,978-7-5404-9238-0,小孩 大冰 干净 越多 姑娘 儿子 客家 恒河沙数 韵律感 块钱
232,那年深夏 = Last days of summer,978-7-5414-7768-3,查理 那年深夏 父亲 渴望 来救 英雄式 落泪 相扶 挖苦 总统大选
233,查理九世 . [6] :吸血鬼公墓 = Charlie IX :The vampire cemetery,978-7-5342-6420-7,吸血鬼 吸血鬼公墓 查理九世 家族 公馆 徜徉 起源于 神像 送葬 吸干
234,活着活着就老了,978-7-5339-3725-6,活着 冯唐 杂文 文艺 文字 战略规划 未婚 笔花 锦囊 老高
235,黑熊舞蹈家,978-7-5342-6007-0,黑熊舞蹈家 动物小说 动物 藏书 动物小说大王沈石溪 理由 追求 大白 驱雄 代沟
236,毒蝎沙漠里的钻石罐头,978-7-5448-3451-3,罐头 钻石 走私者 无意 石头 沙漠 寻找 金枪鱼 凉水澡 生起
237,红飘带狮王,978-7-5342-6493-1,红飘带狮王 公狮 动物小说 理由 追求 动物 群狮 狮王 我已经读完雄狮去流浪了 狮群
238,漫长的告别 = The long goodbye,978-7-5443-8463-6,漫长 告别 村上春树 硬汉 了不起的盖茨比 作家 美国作家 美国 代表作 洗练
239,守夜者 = Guardian of light,978-7-5500-2060-3,守夜者 逃犯 残酷 黑匣子 追捕 淘汰 新娘 致命 神秘 尸体
240,沙丘 = Dune,978-7-5399-6736-3,宇宙 科幻作家 渺小 科幻 地位 科幻小说 正视 星球 必读 默念
241,"就喜欢你看不惯我又干不掉我的样子 = I like that you don't like what I do, but can do nothing about it . 1 : 增订版",978-7-02-014769-4,吾皇 白茶 增订 巴扎黑 番外篇 漫画家 新增 插画 看不惯 样子
242,丰乳肥臀,978-7-5321-4275-0,莫言 民间 苦难 丰乳肥臀 癫狂 母亲 世纪 承受者 中国的近现代辛酸史 快乐并恶心着
243,聪明的投资者,978-7-115-23495-7,投资者 点评 投资 证券 防御型 分析 着重 组合 格雷厄姆 论述
244,象母怨,978-7-5342-6763-5,象母怨 藏书 动物小说大王沈石溪 仇恨 动物 动物小说 陷阱 营救 象母 痛杀
245,偷影子的人,978-7-5404-8521-4,影子 销量 感人 中文版 排行榜 温柔 浪漫 梦想 急诊科 单本
246,巴菲特之道 = The Warren Buffett way,978-7-111-49362-4,巴菲特 投资 准则 企业 股票 管理 购买 解码 个人经历 相隔
247,盗墓笔记 . 壹 :[七星鲁王宫],978-7-80740-727-0,七星 古墓 夫子 青眼 无题 诡异 棺椁 战国 解谜 头发
248,好吗好的,978-7-5404-7689-2,善意 最冷 江湖 大冰 生活 故事 壮士 真实 刻板 归程
249,查理九世 . [5] :恶魔医务室 = Charlieix & Dodomo :Devil's clinic,978-7-5342-6416-0,恶魔 医务室 恶魔医务室 楼层 禁地 指定 火焰 查理九世 神秘 恐怖
250,国家是怎样炼成的 = The history of the countries . 2,978-7-5145-1324-0,历史 高度 赛雷 越南 发展 基因 国家 幽默 打屁股 混合
251,奇想国的小豆豆,978-7-5442-8583-4,小豆豆 奇想国的小豆豆 贫困 奇想 阿富汗 报告 拥有 孩子们 国家 心灵
252,恋爱的贡多拉,978-7-5143-5984-8,东野圭吾 推理 恋爱 作战 求婚 自觉 恋情 完美 尴尬 惊慌
253,苏东坡传 : 中国文人从政的标志性人生,978-7-5438-9705-2,苏东坡 苏东坡传 元丰 迫害 林语堂 流放 人格 童年 附录 国文人
254,成事 : 冯唐品读曾国藩嘉言钞,978-7-201-14666-9,成事 曾国藩 冯唐 持续 方法论 暂时 管理 大事 管理者 心魔
255,十二岁的旅程,978-7-5414-8905-1,奶奶 故乡 坏消息 青蛙 侦探 名字 等待 计划 变音 刺绣
256,混血豺王,978-7-5342-6009-4,红豺 白眉儿 猎户 豺的 主人 混血豺王 狩猎 地位 血管 豺血
257,小猫出生在秘密山洞,978-7-5332-5672-2,小猫 虎皮 表格 笑猫日记 出生 马小跳 秘密 养心 暖房 过桥
258,明朝那些事儿 . 第1部 :朱元璋：从和尚到皇帝,978-7-5596-0155-1,明朝那些事儿 明朝 建立 庞大 制度 帝国 皇帝 竿头 沿街乞讨 出转
259,盗墓笔记 . 贰 :秦岭神树,978-7-80740-728-7,出狱 铃铛 瀑布 神树 缝隙 麒麟 跟踪 盗墓笔记 青铜 消息
260,浪花少年侦探团,978-7-5442-8651-0,遇害 老师 蛋糕 凶器 女人 东野圭吾 心情 照片 读完 发现
261,彷徨之刃,978-7-5442-7620-7,之刃 东野圭吾 彷徨 凶手 女儿 密报 事不关己 荒川 几近 头绪
262,21世纪资本论 = Capital in the twenty-first century,978-7-5086-4725-8,资本 财富 平等 资本主义 收入 贫富差距 经济 劳动力 分配 世纪
263,幸存者 = The Survivor,978-7-5404-7575-8,大宝 法医秦明 法医 死者 头皮 婚纱 雪地 疯子 衣柜 新娘
264,人间失格,978-7-5399-9916-6,太宰治 人间失格 名句 抱歉 诠释 微明 昭和 摸不清 大庭 放逐
265,枢纽 : 3000年的中国,978-7-5495-8608-0,施展 秩序 帝国 历史 超越 民族主义 解释 世界 枢纽 格局
266,皮皮鲁遥控老师,978-7-5342-9122-7,皮皮鲁 遥控 老师 作业 郑渊洁 远谋 调整 罗克 博士 童话
267,皮皮鲁分身记,978-7-5342-9115-9,皮皮鲁 分身 罗克 上学时 补课 肖像 郑渊洁 追根 替身 互换
268,不靠谱的饭菜,978-7-5500-2299-7,饭菜 不靠 高木直子 冰箱 直子 美食 首刷 附送 特别篇 人气
269,天才在左 疯子在右 : 完整版,978-7-5502-6393-2,病患 前篇 精神 疯子 天才 尽头 世界 旅行者 迷失 虫子
270,好好赚钱,978-7-5086-8501-4,投资 理财 说明书 财务 赚钱 因素 理财产品 致贫 银行 基金
271,揭秘汽车,978-7-5417-4308-5,汽车 揭秘 跟儿子一起读 赛车 汽车修理 制造厂 近距离 回收站 低幼 翻开书
272,只有岁月不我欺,978-7-5702-0327-7,六六 犀利 不容 深沉 话题 新作 职场 无畏 写给 悲伤
273,把时间当作朋友,978-7-121-21027-3,心智 时间 局限 感知 记录 交流 积累 效率 案例 朋友
274,我喜欢玩,978-7-5394-3592-3,喜欢 孩子们 繪本圖畫書 新西兰 时时刻刻 图画书 自信心 创造力 慷慨 晚安
275,同桌冤家,978-7-5397-7256-1,冤家 马小跳 同桌 淘气包马小跳 拉选票 升级版 杨红樱 漫画 战争 女孩
276,盗墓笔记 . 肆 :蛇沼鬼城,978-7-80740-730-0,录像带 鬼城 帛书 线索 三叔 战国 含义 考古队 魔域 事情
277,查理九世 . [3] :恶灵栖息的乌鸦城 = The city full of the crow,978-7-5342-6211-1,乌鸦 查理九世 镇长 独角 鸦神 姑姑 树林 诅咒 消失 冒险
278,城南旧事 = The old story in the South Beijing,7-5353-3667-1,书系 儿童文学 工程 展示 世纪 闪光 继往开来 国民素质 精品 作家
279,单恋,978-7-5442-4888-4,命案 推理小说 东野圭吾 草蛇灰线 神伤 风姿 纤毫 越深 爆出 毕现
280,无声的证词 = Silent evidence,978-7-5594-3449-4,无声 证词 白骨 法医秦明 尸体 万象 女孩 皮肤 魔鬼 现场
281,你是我的小确幸 . 上,978-7-5500-2114-3,丛容 病人 喜欢 气急 接受 确幸 阶段 愤怒 律师 从容
282,巧克力味的暑假,978-7-5332-6126-9,巧克力味的暑假 毕业 姐姐 过关 读后感 刊登 同桌 书房 滋味 男生
283,"从0到1 : 开启商业与未来的秘密 = Zero to one : notes on startups, or how to build the future",978-7-5086-4971-9,商业 创新 创始人 竞争 价值 创业 垄断 科技 世界 秘密
284,你一定爱读的极简欧洲史 = The shortest history of Europe,978-7-5495-0107-6,欧洲 民主 形塑 欧洲史 古典 极简 元素 特质 文化 国王
285,小家，越住越大 . 2,978-7-5086-8627-1,小家 功能 居住 儿童房 餐厅 痛点 吊顶 避坑 逯薇 定制
286,福尔摩斯探案故事集 . Ⅰ,978-7-5353-5809-7,福尔摩斯 探案 故事集 演绎法 全世界 签名 招来 侦察队 任意一方 带子
287,偶遇,978-7-5302-1785-6,鲁豫 爱情 人生 时代 偶遇 拼尽 陈鲁豫 态度 回应 展示
288,财务自由之路 : 7年内赚到你的第一个1000万 = Der Weg zur finanziellen Freiheit : Ihre erste Million in 7 Jahren,978-7-5143-4092-1,金钱 债务 财务 财务自由 穷人 财富 储蓄 收入 保障 信仰
289,稻草人手记,978-7-5302-1483-1,稻草人手记 三毛 卖花女 婆婆 加纳 生活 亲爱 撒哈拉 大人 巨人
290,麦田里的守望者 = The catcher in the rye,978-7-5447-5026-4,塞林格 看不惯 守望者 女友 酗酒 语感 只身 夜总会 中学生 中产阶级
291,奔跑的放牛班,978-7-5342-9430-3,放牛班 老师 杨红樱 合唱团 淘气包马小跳系列 孩子 淘气包马小跳 奔跑 天性 原创
292,梦里花落知多少,978-7-5302-1480-0,三毛 知多少 花落 十彩 霓虹灯 很淡 星石 流丽 很疏 语调
293,苏东坡传 = The gay genius,978-7-5404-8488-0,林语堂 元丰 苏东坡 瑜伽 国学 流放 传记 诗人 大师 童年
294,吹号手的诺言! = The trumpeter of Krakow,978-7-5414-5416-5,吹号手 水晶球 炼金术士 诺言 休止符 纽扣 誓言 珍宝 邪恶 世纪
295,在细雨中呼喊,978-7-5302-1796-2,余华 在细雨中呼喊 自序 战栗 少年时期 诬陷 意大利文 非线性叙事 更让人 勋章
296,哈利·波特与凤凰社,978-7-02-014457-0,魔法 封闭 面对 考试 帷幔 事务司 惊惧 蛇眼 了前 新任
297,肖申克的救赎 = Different seasons . YW,978-7-5321-5458-6,肖申克的救赎 纳粹高徒 尸体 影片 拍成电影 狂销 美国 奥斯卡奖 电影史 极佳
298,皮皮鲁送你100条命,978-7-5342-9120-3,条命 皮皮鲁 违法 不当 逃生 救命 警惕 汽车 远离 方法
299,教父 = The god father,978-7-5399-6744-8,教父 家族 黑手党 清理门户 以眼还眼 重创 空头支票 电影原著 教诲 说一不二
300,哈利·波特与魔法石,978-7-02-014453-2,猫头鹰 魔法 法学 住在一起 不仅如此 储物 生日派对 入学 录取 保管员
301,神奇校车 : 桥梁书版 . 7 :像螃蟹一样爬,978-7-221-11660-4,校车 桥梁书 神奇 螃蟹 自主阅读 科学知识 获取 飞翔 阅读 知识
302,查理九世 . [1] :黑贝街的亡灵 = The souls in the B.B street,978-7-5342-6213-5,查理九世 亡灵 黑贝街的亡灵 日记 不掉 眼睛 冒险 幽灵 侦探 恐怖
303,无所畏,978-7-5596-2309-6,冯唐 油腻 对抗 爱情 坦露 作品 全新 真诚 私人 事儿
304,巨蟒丛林中的黄金密码,978-7-5448-3449-0,印第安人 木筏 黄金 劫匪 肖像 鲨鱼 渡过 床单 耳环 化妆镜
305,朗读者Ⅱ . 1,978-7-02-014764-9,朗读者 读本 节选 贾平凹 董卿 电子书站 周国平 朗读 后记 全书
306,好妈妈胜过好老师 : 一个教育专家16年的教子手记,978-7-5063-4504-0,孩子 教育 作业 家庭教育 学习 好妈妈胜过好老师 家教 培养 教子 父母
307,明朝那些事儿 . 第贰部 :万国来朝,978-7-213-04632-2,明朝那些事儿 当年明月 祸根 同志 相搏 夺门 剪除 逆命 决断 通俗读物
308,盗墓笔记 . 柒 :邛笼石影,978-7-80740-733-1,盗墓 样式 背负着 麒麟 天灯 浮雕 活动 奇怪 油瓶 考古队
309,人民的名义 = In the name of people,978-7-5302-1619-4,反腐 人民的名义 周梅森 编剧 影视 政治小说 中心 推出 检察院 惩治腐败
310,分身,978-7-5442-8264-2,双叶 分身 断言 母亲 一模一样 照片 女孩 打听 着火 口音
311,聪明的投资者,978-7-115-41358-1,点评 投资者 聪明的投资者 投资 注疏 证券 格雷厄姆 防御型 策略 巴菲特
312,盗墓笔记 . 叁 :[云顶天宫],978-7-80740-729-4,门殿 排道 火山口 谜团 串子 龙神 百足 记号 盗墓笔记 出口
313,何所冬暖，何所夏凉,978-7-5500-1138-0,冬暖 我爱你 足够 感情 微笑 退到 心软 细水长流 好巧 试探
314,跃迁 : 成为高手的技术,978-7-5086-7888-7,高手 知识 跃迁 时代 破局 联机 头部 学习 系统 终身
315,兵猴传奇,978-7-5342-6768-0,兵猴 沈石溪 动物小说 传奇 设计 情节 总能 体现 藏书 动物小说大王沈石溪
316,火印,978-7-5016-0966-6,火印 野狐 日军 嘶鸣 狼群 战争 村民 胜利 主人 分离
317,第十一根手指,978-7-5404-6697-8,手指 摄像头 女鬼 惊骇 监控 油炸 凶案 完好 剖开 法医
318,萤火虫小巷,978-7-5500-1543-2,萤火虫 小巷 渴望 友情 人生 生命 家庭 温暖 中规中矩 活在
319,查理九世 . [11] :冥府之船 = Boator Superempirical Essence,978-7-5342-6672-0,海神 鱼灯 鬼火 冥府之船 笛声 人面 着墨 魔咒 巨轮 查理九世
320,快速阅读,978-7-122-22225-1,记忆 思维导图 快速阅读 速读 速度 全彩 典藏版 阅读 方法 精装
321,牧羊少年奇幻之旅 = O alquimista,978-7-5302-1705-4,百年一遇 牧羊少年奇幻之旅 畅销 梦想 全新 热力 榜长 领读 大江健三郎 茱莉亚
322,自控力 = THE WILLPOWER INSTINCT : 斯坦福大学最受欢迎心理学课程,978-7-5142-0503-9,自控力 意志力 自控 多巴胺 课程 肌肉 压力 大脑 训练 神经学
323,为何家会伤人,978-7-5502-3049-1,孩子 家庭 给孩子 家会 溺爱 家庭关系 转嫁 妈妈 伤人 心理
324,苏菲的世界 = Sophie's world,978-7-5063-4127-1,哲学 事物 苏菲的世界 哲学家 导师 宛如 谜团 少女 内心 女孩
325,给孩子的散文,978-7-5086-5229-0,给孩子 散文 北岛 编选 孩子们 作家 篇目 体现 现当代 编者
326,蜜汁炖鱿鱼,978-7-5594-3124-0,电竞 韩商言 职业 佟年 鱿鱼 歌姬 创始人 俱乐部 逐爱 吃糖
327,植物大战僵尸2武器秘密之你问我答科学漫画 :世界之最卷,978-7-5148-1725-6,树种 最早 国家 最长 植物 最多 沙漠 最重 最毒 海拔
328,后宫·如懿传 . 壹,978-7-5404-7910-7,后宫 家道中落 暗涌 挂钩 寓意 埋葬 潜邸 四爷 得子 玉面
329,哈利·波特与死亡圣器,978-7-02-014458-7,圣器 魔杖 魔法 离开 死亡 别无选择 魂器 冠冕 登记 追赶
330,给孩子的诗,978-7-5086-4666-4,新诗 北岛 诗人 诗选 编者 给孩子 经典 文学 孩子 引路
331,从你的全世界路过 = I belonged to you : 让所有人心动的故事,978-7-5404-5802-7,路过 张嘉佳 全世界 睡前故事 爱情 青春 返程 细碎 故事 心动
332,爱过你,978-7-5596-2977-7,条条框框 爱情 特别 闯进来 喜欢 张小娴 遇过 已然 即便如此 酒醉
333,法国寻宝记,978-7-5391-8679-5,钻石 寻宝记 博士 公爵 委托 了布 复出 难以完成 我的第一本漫画书 佩戴
334,揭秘名建筑,978-7-5417-4518-8,建筑 乐乐趣科普翻翻书 揭秘 著名 矗立 斗兽场 殿堂 庇护所 遮风挡雨 闻名遐迩
335,三生三世枕上书,978-7-5404-5559-0,凤九 东华 三生三世 记得 说不得 唐七公子 红狐 枕上书 良久 记起
336,正面管教 = Positive discipline : 如何不惩罚、不娇纵地有效管教孩子 : 修订版,978-7-5502-6851-7,正面管教 孩子 目的 责任感 回顾 顺序 娇纵 管教 排行 出生
337,怪鳄河谷的远古壁画,978-7-5448-3636-4,鳄鱼 私信 长老 神秘 壁画 网站 寻找 社交 蜘蛛 阴谋
338,偷窥者 = Secrets in the Dark,978-7-5404-8209-1,法医秦明 小楼 尸体 法医 棺材 干尸 焦炭 鞣尸 泥炭 破案
339,挪威的森林 = Norwegian wood,978-7-5327-7677-1,村上春树 挪威的森林 青春 精神疾病 不息 弥散 患有 林少华 绿子 渡边
340,局外人 = L'étranger,978-7-5594-2743-4,局外人 加缪 荒诞 文学史 导读 代表作 作家 文学 诺贝尔文学奖 存在主义
341,青铜葵花,978-7-5148-2779-8,起码 曹文轩推荐 儿童图书 图书市场 木船 茅草 芦花 葵花 草垛 青铜葵花
342,福尔摩斯探案故事集 . III,978-7-5353-5811-0,福尔摩斯 罪犯 探案 故事集 套装 涉及 柯南道尔 情杀 机密文件 凶顽
343,父与子全集 = Father and son : 彩色双语,978-7-5385-5381-9,父与子 全集 思想 时代精神 凡民 文化教育 文思 时文 翻炒 五味杂陈
344,名侦探的守则,978-7-5442-8602-2,侦探 东野圭吾 警部 外行 手杖 捧场 杀人 天下一大五郎 凶手 守则
345,瞧，这群俏丫头,978-7-5332-6799-5,俏丫头 时而 杨红樱 女孩儿 林果 珍藏版 生动 疯丫头 泼辣 憨实
346,安德的游戏 = Ender's game,978-7-5551-0021-8,游戏 教官 虫族 学校 战队 天才 军事 极限 人类 地球
347,雨季不再来,978-7-5302-1473-2,三毛 雨季不再来 匪兵 真性情 台湾 浪漫 青春的伤感 干燥 总有 伤感
348,边城 : 纪念版,978-7-5430-6702-8,边城 小景 章节 优美 表现 豹子 交界 媚金 不悖乎 水墨画
349,何以笙箫默,978-7-5441-4361-5,记得 何以笙箫默 满意 重逢 记下来 等不及 就因为他们两个而觉得是件幸福的事儿 人花 顾漫 初遇
350,双面猎犬,978-7-5342-5987-6,双面猎犬 动物小说 生存 动物 辉煌 动物小说大王沈石溪 藏书 理由 追求 投奔
351,危险的维纳斯,978-7-5596-2328-7,反转 东野圭吾 疯狂 好人 人性 事件 诠释 情节 疯魔 手岛
352,月亮与六便士 = The moon and sixpence,978-7-5086-9065-0,元素 星辰 现实主义 月亮 梦想 愈发 抛妻别子 外国小说 事业有成 弃家
353,自控力 = The willpower instinct : 斯坦福大学广受欢迎心理学课程,978-7-5142-1920-3,意志力 自控力 课程 自控 心理学 多巴胺 肌肉 受欢迎 压力 训练
354,红豺,978-7-115-24374-4,狼崽 甜点心 红豺 复仇 化成 养育 雪狐 遗孤 刻毒 雕口
355,再见了，忍老师,978-7-5442-9543-7,老师 狗屎 东野圭吾 特训 再见 原田 车祸 驾校 太太 侦探团
356,孤独是灵魂的必修课,978-7-5596-1806-1,孤独 毕淑敏 生命 必修课 灵魂 照见 人生 旅行 意义 泡泡糖
357,琅琊榜 . 上,978-7-5411-3250-6,麒麟 琅琊榜 太子 交织 权谋 高手 南境 必准 郡主 拉拢
358,尸语者 = Voice of the death : 公安厅从未公开的法医禁忌档案,978-7-5404-5759-4,尸语者 法医 悬疑小说 惊悚 校园 震撼 刺激 公安厅 公路 残尸
359,国家是怎样炼成的 = The history of the countries,978-7-5145-1177-2,历史 高度 三分钟 赛雷 世界简史 国家 挪威 英国 意大利 发展
360,皮皮鲁和流星暴雨,978-7-5342-9403-7,皮皮鲁 郑渊洁 讲堂 脑脑 流星 暴雨 闪电 罗克 童话 经典
361,盛夏方程式,978-7-5442-9413-3,汤川学 旅馆 守护 方程式 警方 真相 尽量少 化学反应 无辜者 难解
362,原来我这么棒,978-7-5353-5332-0,原来我这么棒 自信心 副队长 牡丹花 成长的道路 木棉花 研习营 结业证书 忧心 难不倒
363,财富自由之路 = Financial freedom,978-7-121-32008-8,操作系统 升级 财富 投资 商业模式 优化 有没有 自由 机会 自我成长
364,人生最美是清欢,978-7-5302-1540-1,林清玄 人生最美是清欢 篇目 亲笔 清欢 从容 精美 古风 白金 心过
365,英语单词大书 = Big book of English words,978-7-5502-9190-4,孩子 单词 满当当 编写 儿童 词语 词汇 出版社 英语单词 翻阅
366,朕说历史 :汉代篇,978-7-218-12692-0,皇帝 历史 热点 史记 科技 漫画 知识 点名 儒术 独尊
367,涛动周期论 = Get the economic cycle : 经济周期决定人生财富命运,978-7-111-58397-4,周期 周金涛 研究 实录 资产 配置 商品 结构主义 演讲 时钟
368,查理九世 . [12] :失落的海底城 = Lost submarine city,978-7-5342-6671-3,活路 船王 神曲 幽灵船 海神 吹响 预言家 地狱 时间 查理九世
369,三毛从军记全集 : 彩图注音读物,978-7-5324-4908-8,三毛 注音 彩图 全集 读物 学会 答卷 张乐平 成长 枪战
370,宿命,978-7-5442-6815-8,直明 警方 宿命 东野圭吾 社长 菊花 十字 吻合 生涯 结尾
371,东周列国故事 . 上,978-7-80741-009-6,林汉达 历史 成篇 清晰 取材 正史 读物 相互 中国历史 独立
372,明朝那些事儿 :大结局,978-7-80165-599-8,历史 一时期 势力 义军 皇太极 皇帝 明朝 二流角色 壮大 后金
373,红玫瑰与白玫瑰,978-7-5302-1115-1,红玫瑰与白玫瑰 张爱玲 留情 悲秋 黏子 散戏 花楼 创世纪 名言 蚊子
374,情商是什么？ : 关于生活智慧的44个故事,978-7-5339-5109-2,情商 职场 李筱懿 起跑线 绝症 输给 挣到 总能 拖延 未必
375,芒果猫 = A mango-shaped space,978-7-5414-5198-0,芒果 蓝色 色彩 向日葵 字母 彩色 奇特 颜色 数字 魔法
376,AI·未来 = AI superpowers,978-7-213-08885-8,人工智能 时代 发展 李开复 浪潮 冲击 巨头 危机 实干 脚步
377,毛泽东传 = Mao: a biography : 名著珍藏版 : 插图本,978-7-300-12621-0,毛泽东 名著 珍藏版 热潮 精美 畅销 出版 桃子 飞镝 传中
378,爱的流放地,978-7-5387-5594-7,菊治 渡边淳一 爱的流放地 激情 失和 全译本 雪女 顶点 黑发 风花
379,林清玄散文精选,978-7-5354-6140-7,林清玄 月光 下酒 散文 星落 菩提 四书 番薯 松鼠 心似
380,成语故事 = Classical Idiom Stories,978-7-5322-4544-4,担心 陪读 李响 闭门思过 反复推敲 不自量力 程门立雪 对牛弹琴 拼音 生字
381,小家，越住越大,978-7-5086-6019-6,收纳 居住 逯薇 客厅 厨房 衣帽间 房子 家居 快速 绘本
382,盗墓笔记 . 伍 :谜海归巢,978-7-80740-731-7,盗墓笔记 鬼声 泥潭 浮雕 石像 记号 鬼城 终点 颠覆 秘密
383,射雕英雄传 . 肆,978-7-5462-0561-8,傻小子 射雕英雄传 丈夫 弯弓 比武招亲 江南七怪 为国为民 流落 芳心 终成
384,我杀了他,978-7-5442-6453-2,东野圭吾 加贺 新郎 次印刷 加贺恭一郎 嫌疑人 出版 婚礼 公司 前女友
385,高效阅读,978-7-5596-0970-0,阅读 共振 步骤 高效 内容 改变 输出 读完 专业 书籍
386,猫 : 老舍专集 : 经典彩绘本,978-7-80716-909-3,专集 彩绘 经典 老舍 散文 纯美 冰心 套装 书系 记实
387,野犬女皇,978-7-5342-6769-7,野犬 动物小说大王沈石溪 动物 女皇 藏书 沈石溪 奇丽 争食 公狗 艺术形象
388,皮皮鲁保卫叛逆者,978-7-5342-9406-8,皮皮鲁 叛逆者 馅饼 保卫 顶替 波给 蝶恋花 倒退 迁怒 亲热
389,撒野 . 2,978-7-221-15063-9,撒野 钢厂 勇敢 父亲 学校 成長 校園 丞哥 跟着光无所畏惧 粗鄙
390,默读 = The light in the night :大结局,978-7-5596-2209-9,默读 基督山 得分 不算什么 花点 污点 名誉 开脱 社会关系 求索
391,哈利·波特与阿兹卡班囚徒,978-7-02-014456-3,摄魂 猫头鹰 活点 怀恨在心 茶叶 姑妈 梦话 叉子 尖头 决赛
392,意大利寻宝记 . 1,978-7-5391-8703-7,历史 拍档 夺得 莫莫大爱 强敌 猜谜 领奖 育儿绘本 谜语 抢走
393,白鹿原,978-7-02-012757-3,白鹿原 统治权 人情世故与人情练达 阵痛 亲翁 巧取 相煎 美人计 陳忠實 一幕幕
394,郭论,978-7-5404-8785-0,风流 事儿 明朝 花式 锦衣卫 人狠话不多 年货 郭德纲 郭论 盘点
395,小清欢,978-7-5500-2613-1,陈让 齐欢 低沉 脸红 青春 喜欢 备注 深吻 亲上 侧身
396,变量 : 看见中国社会小趋势,978-7-5086-9817-5,小趋势 变量 观察 历史感 变化 机会 革命 何帆 自下而上 大树
397,投资中最简单的事 = The simple things in investment,978-7-300-19623-7,投资 把握 基金 简单 涉及 随想录 逆向 公司 投资方 经验
398,孤独六讲 = Six lectures,978-7-5354-9283-8,孤独 蒋勋 美学 孤独六讲 完整 捆缚 初版 情欲 重磅 回归
399,查理九世 . [10] :最后的古寺神佛 = The final buddha in ancient temples,978-7-5342-6673-7,佛像 姥姥 最后的古寺神佛 惩戒 金身 车子 考古 走路 营地 查理九世
400,丢三落四的小豆豆,978-7-5442-4616-3,小豆豆 笑话 闹出 服装设计 赐予 芭蕾 打字 跳水 打网球 搞砸
401,苏菲的世界 : 插图本,978-7-5063-9516-8,苏菲的世界 事物 哲学 世界 哲学家 宛如 谜团 少女 内心 梅西的书
402,知否知否应是绿肥红瘦 . 2 :十年闺阁,978-7-5113-7334-2,婚事 闺阁 家族 知否 低头 庶女 姐妹 看着 安排 不知
403,愿生命从容,978-7-5302-1494-7,周国平 选本 享受 值得 收藏 经典 幸福 特别 婚姻 澄明
404,见字如面 . 第一季,978-7-5404-8134-6,写给 十封信 信件 儿子 黄永玉 妻子 灯光 父亲 战事 经远舰
405,这个历史挺靠谱 . 01 :袁腾飞讲中国史 . 上,978-7-5438-9444-0,袁腾飞 历史 玩意儿 优惠 世界史 皇帝 中国史 珍藏版 价格 升级
406,绘本窗边的小豆豆 . 1,978-7-5133-1605-7,小豆豆 窗边的小豆豆 黑柳彻子 绘本 学园 出版 学龄前亲子共读 小学 画作 适合
407,哈利·波特与火焰杯,978-7-02-014444-0,魔法 项目 火焰杯 争霸赛 世界杯赛 三强 法学 真剂 解放阵线 树蜂
408,苹果树上的外婆 = Die Omama im Apfelbaum,978-7-5307-4976-0,外婆 苹果树上的外婆 奶奶 野马 国际大奖小说 儿童文学 衬裤 老奶奶 处罚 苹果树
409,思维导图,978-7-122-22216-9,思维导图 用于 大脑 思维 全新 学习 组织 培训 思维工具 潜力
410,知行合一王阳明 : 1472-1529,978-7-5502-3000-2,知行合一 王阳明 心学 良知 悟道 强大 力量 致良知 龙场 平定
411,铁皮狗,978-7-5016-0884-3,瓦房 柿子树 铁皮 染坊 蓝花 油麻 镇上 曹文轩 度过 无暇
412,哈利·波特与密室,978-7-02-014454-9,往事 法学 密室 日记 学年 揭发 盥洗室 报偿 汤剂 复方
413,目送,978-7-5495-5017-3,龙应台 目送 人生 背影 小路 笔记 慢慢 牵挂 生死 冷照
414,预知梦,978-7-5442-9516-1,预知 女孩 东野圭吾 结婚 梦见 真的 灵异 成真 书签 十岁时
415,细米,978-7-5016-0506-4,细米 乡村 小辫 迷人 姐姐 曹文轩 情感 根红 梅纹 插队
416,经济学原理 :微观经济学分册,978-7-301-25690-9,供给 弹性 市场 需求 价格 贸易 原理 摘录 复习题 内容提要
417,我只知道人是什么,978-7-5447-7312-6,余华 洞察 创作 文学 阅读 语文 许三观 游荡 文学作品 兄弟
418,余罪 : 我的刑侦笔记 . 1,978-7-5443-6232-0,罪犯 犯罪 选拔 边缘 万状 悄无声息 警校 奸诈 匪徒 制止
419,夏目友人帐,978-7-5500-1777-1,夏目友人帐 妖怪 绿川幸 脚本 动画 企划 村井 参与 原创 漫画
420,东京一年 = One year in Tokyo,978-7-5086-7761-3,蒋方舟 纪录片 不失 日记 短篇小说 导演 最新 日式 镜头 驳杂
421,安全常识互动游戏书,978-7-5417-4913-1,孩子 安全常识 马路 互动 马路上 场景 游戏 乘车 打闹 常见
422,福尔摩斯探案故事集 . II,978-7-5353-5810-3,福尔摩斯 探案 故事集 医生 猎犬 报告 全世界 礼典 海军 岩上
423,脾虚的女人老得快 : 女中医师亲授新妇科公开课,978-7-5357-7603-7,女人 脾虚 脾气 女性 癌症 黄褐斑 肌瘤 出血 甬道 异常
424,股市真规则 = The five rules for successful stock investing,978-7-5086-8643-1,行业 清单 公司 投资者 优势 竞争 估值 结论 成功 消费品
425,名侦探的诅咒,978-7-5442-4850-1,本格 诡计 推理 杀人 犯罪 天下一大五郎 纪念馆 世界 有钱人 手法
426,我的职业是小说家,978-7-5442-8537-7,小说家 村上春树 职业 自传性作品 写作 长篇小说 故事 孤独 梦想 幸福
427,朝花夕拾,978-7-201-08914-0,鲁迅 朝花夕拾 作品 优美 美文 风趣 风筝 原貌 公案 用字
428,和乌鸦做邻居,978-7-5342-5001-9,动物 作者 乌鸦 邻居 寨门 贤惠 山豹 地广人稀 犀鸟 竹楼
429,查理九世 . [25] :稻草人之乡,978-7-5342-8838-8,稻草人 小伙伴 女孩 冒险 性格 奇怪 完美 变得 腿脚 魔草
430,皮皮鲁和复活的恐龙,978-7-5342-9407-5,皮皮鲁 恐龙 长发 复活 郑渊洁 裁缝 博物馆 隐形 童话 老鼠
431,5分钟商学院 :工具篇,978-7-5086-8540-3,工具 博弈 商业 刘润 管理 决策 分钟商学院 组织 行业 书籍
432,稻草人手记,978-7-5302-1109-0,稻草人手记 三毛 逍遥 婆婆 加纳 朴实 亲爱 陌生人 大人 台湾
433,查理·芒格的原则 : 关于投资与人生的智慧箴言 = Charlie Munger: the complete investor,978-7-5086-8323-2,芒格 原则 投资 投资者 查理 诚信 简单化 从众 声誉 通识
434,明朝那些事儿 . 贰,7-5057-2285-9,夺门 土木 明朝那些事儿 明朝 中国历史 挥军 忠臣 事迹 了明 大宦
435,您厉害，您赚得多 : 聪明投资者的聊天记录,978-7-5086-8170-2,投资 雪球 股市 公司 股票 资产 市场 互联网 投资者 卖出
436,为什么精英都是方法控,978-7-5404-8362-3,工作 精英 一流 专栏 自我管理 自我实现 方法 差距 精准 领导
437,吵闹村的孩子,978-7-5007-9408-0,吵闹 开心 孩子 可言 男孩子 关爱 游戏 爷爷 学校 守岁
438,阿狸和小小云 = Ali & little cloud,978-7-5448-3851-1,阿狸 遮住 连在一起 分离 尊重 慢慢 绘本 养猫 抒写 云会
439,好好说话 . 2 :简单有效的高情商沟通术,978-7-5596-2563-2,好好说话 沟通 拒绝 尴尬 逻辑 希望 改变 说话技巧 困境 提问
440,摆渡人 . 2 :重返荒原 = Trespassers,978-7-5500-2421-2,荒原 摆渡人 重返 男孩 灵魂 来到 女孩 现实 引渡 心生
441,哈利·波特与“混血王子”,978-7-02-014445-7,混血王子 神秘 战争 外国名著 神锋 找到 银器 尾巷 冰霜 相助
442,爱找东西的男孩,978-7-5332-6561-8,失物招领 爱找东西的男孩 辫子姐姐 花园 失物 职位 心灵 找到 奇怪 古怪
443,三体 . Ⅲ :死神永生 : 典藏版,978-7-229-10062-9,纪元 威慑 广播 掩体 天明 星云 万有引力 危机 三体 程心
444,捕捉儿童敏感期 : 珍藏版,978-7-5127-0573-9,敏感期 孙瑞雪 秩序 儿童 表现 模仿 感觉 喜欢 事物 感兴趣
445,写给孩子的哲学启蒙书 . 8 = Les go?ters philo . Tome 8 . (P.-FDupont-Beurier)著,978-7-5495-6037-0,哲学 哲学启蒙书 专制 自由 悲伤 给孩子 孩子们 梦想 现实 快乐
446,黑天鹅 : 如何应对不可预知的未来 = The black swan : the impact of the highly improbable : 升级版,978-7-5086-3030-4,黑天鹅 事件 预测 不确定性 平均 影响 现象 钟形 天鹅 曲线
447,爱德华的奇妙之旅 = The miraculous journey of Edward Tulane,978-7-5307-4335-5,渔网 渔夫 兔子 道理 名叫 旅程 奇妙 学会 女孩 一路上
448,罗生门 : 芥川龙之介短篇小说选,978-7-222-13240-5,罗生门 芥川龙之介 竹林中 枯野 丝女 河童 山药 活着 大人物 基督
449,名侦探的咒缚,978-7-5442-9452-2,侦探 咒缚 东野圭吾 格子 西装 悬念 照片 奇幻 彷徨 诚意
450,单翼天使不孤单,978-7-5332-5687-6,单翼 丸子 天使 军团 孤单 应付 女生 泡泡鱼 母爱 同学
451,皮肤国的大麻烦,978-7-5304-8948-2,皮肤 防晒 出版社 晒伤 科学技术 商品 德国 科普 知识 尺寸
452,史蒂夫·乔布斯传 = Steve Jobs,978-7-5086-3006-9,乔布斯 竞争对手 传记 采访 回合 发布 出版 同事 激情 个性
453,全球科技通史,978-7-5217-0142-5,科技 历史 工业 科技史 现代科技 轮子 诞生 视角 俯瞰 工业革命
454,摆渡人 = Ferryman,978-7-5500-1690-3,摆渡人 文学奖 图书奖 奖项 中文版 出版 灵感 开心 男孩 感到
455,黄同学漫画中国史 : 清末民初那些年,978-7-5502-9443-1,漫画 历史 中国史 清廷 改革 发生 同学 轻松 绘本 发迹
456,呼兰河传,978-7-201-09174-7,萧红 小城 祖父 个人风格 松散 现当代文学 写回忆写得入骨 初刊 后花园 无华
457,1Q84 . BOOK 2 : 7月～9月,978-7-5442-4725-2,天吾 青豆 空气 村上春树 老鼠 相遇 孤独 素食 猫儿 涉足
458,我的第一本思维导图入门书,978-7-5699-1768-0,思维导图 归纳 简报 上手 大纲 企划 思考 符合 作文 整理
459,俗世奇人 : [修订版],978-7-5063-4479-1,肆拾 俗世奇人 修订版 天津 取话 半文半白 生平事迹 畚一 笔意 精短
460,拉伸 = Stretching : 最好的运动,978-7-5304-4767-3,拉伸 运动 动作 腿部 健康 髋部 柔软度 腹股沟 设计 自行车
461,残狼灰满,978-7-5342-6757-4,残狼灰满 动物 保护 产下 豺崽 猎捕 所收 红奶 老窝 情操
462,哈利·波特与火焰杯 = Harry Potter and the goblet of fire,978-7-02-009669-5,魔法 法学 圣器 姨父 罗琳 图书 人民文学出版社 教授 混血王子 推向
463,思维简史 : 从丛林到宇宙 = The upright thinkers : the human journey from living in trees to understanding the cosmos,978-7-5086-7814-6,人类 量子 简史 发展 思维 蒙洛迪诺 物理 思想 进程 直立
464,守夜者 . 2 :黑暗潜能,978-7-5594-2507-2,守夜者 女婴 骨灰 蚕蛹 银针 可怖 灭门 高速 遗忘 骑士
465,我在未来等你,978-7-5596-0894-9,回到 大志 青春 投入 遇见 回归 真的 实习 大学老师 生锈
466,我喜欢人生快活的样子,978-7-5404-8939-7,蔡澜 做人 年轻 人生 快乐 可爱 有钱 男人 心态 豁达
467,皮皮鲁和无尾大侠,978-7-5342-9402-0,皮皮鲁 造币 郑渊洁童话 倒成 水桶 饭桶 垂钓 赌王 无意间 锁定
468,温柔的夜,978-7-5302-1477-0,故乡人 三毛 温柔 拾荒 加纳 天使 散文 生活 小学教师 地讨
469,遇见未知的自己 : 都市身心灵修行课,978-7-5404-5757-0,遇见未知的自己 情绪 能量 潜意识 身体 臣服 思想 身心 抗拒 世界
470,一个人的朝圣 = The unlikely pilgrimage of Harold Fry,978-7-5502-4915-8,一个人的朝圣 旅程 英国 代表 医生 女人 著名演员 老友 罩住 啤酒厂
471,阳谋高手,978-7-5112-2261-9,阳谋高手 黄晓阳 官场 情商 资源 攻不下 升任 笔杆子 过招 合作伙伴
472,白夜行,978-7-5442-4251-6,绝望 故事片 完全免费 凄苦 悲切 幌子 动容 纪录片 凌乱 悲凉
473,有钱人想的和你不一样 : 3000位富豪亲述成为有钱人的“价值标准”,978-7-5086-7417-9,选择 有钱人 钱包 富人 投资 雨伞 回复 投资方 方式 保险
474,皮皮鲁驯兔记,978-7-5342-9401-3,皮皮鲁 驯兔 订书机 肥皂 面包 双胞胎 博士 郑渊洁 黑哨 卖花
475,不可思议事件簿 . 1 :午夜游乐园 = The incredible case files . 1 :The amusement park at midnight,978-7-5342-9006-0,摩天轮 游乐园 旋转 碰碰车 海盗船 不可思议事件簿 木马 幻影 废弃 乐园
476,我的天才女友 = L'amica geniale,978-7-02-012013-0,女友 那不勒斯四部曲 暗暗 女性 天才 对质 长于 少女时代 主人公 欺凌
477,最美遇见你 : 完美纪念版,978-7-5500-0822-9,遇见 最美遇见你 顾西爵 老大 幸而 青春 续集 缘分 爆笑 甜蜜
478,夏洛的网 = Charlotte's Web,7-5327-3341-6,小猪 蜘蛛 夏洛的网 命运 奇迹 安享 特别奖 火腿 丑恶 猪栏
479,人生很短，做一个有趣的人,978-7-5143-6252-7,汪曾祺 有趣 散文 生活 葡萄 故乡 推崇 草木 有情 精选集
480,你的时间，80%都用错了,978-7-122-26760-3,时间 时间管理 做好 核心技术 拖延 精力 浪费时间 学会 不用 紧急
481,四月三日事件,978-7-02-013873-9,余华 中篇小说 现实 鲜明 事件 选集 准确无误 怜悯 总体水平 全编
482,超级记忆,978-7-122-22226-8,记忆 记忆法 方法 思维导图 全彩 典藏版 数字 体系 思维 诗歌
483,富爸爸穷爸爸 : 全新修订版,978-7-5442-4268-4,爸爸 面市 富人 工作 排行榜 销售 连续 财富 父亲 韩语版
484,盗墓笔记 . 陆 :[阴山古楼],978-7-80740-732-4,魔湖 大院 铁块 心理战 古楼 油瓶 胖子 盗墓笔记 怪物 惊悚
485,“错误”的行为 : 行为经济学的形成 = Misbehaving : the making of behavioral economics,978-7-5086-8451-2,经济学 经济学家 理性 研究 行为经济学 经济 主体 假设 错误 传统
486,群山回唱 = And the mountains echoed,978-7-208-11513-2,群山回唱 说道 兄妹 家庭 写作 理解 继母 自我牺牲 表亲 铸成
487,生活十讲 = 10 lectures about life,978-7-5354-9285-2,生活十讲 学会 信仰 生活 更为重要 贪心 气节 拿掉 过程 完满
488,特种兵学校 . 1 :新兵集结号,978-7-5376-7279-5,特种兵 军事 少儿 学校 军迷 过瘾 生存 励志 全彩 新兵
489,跳跳电视台,978-7-5397-7267-7,电视台 跳跳 马小跳 饭球 生日礼物 动物园 拍摄 儿童 电影 事件
490,皮皮鲁压缩人生7天,978-7-5342-9121-0,皮皮鲁 压缩 人生 罗克 郑渊洁 忌语 不牢 龟背 压缩器 父语
491,盗墓笔记 . 捌 : 大结局 . 下,978-7-80740-803-1,古楼 鬼影 电脑 考古队 油瓶 秘密 群山 盗墓笔记 通道 终于
492,万历十五年,978-7-101-10162-1,万历 黄仁宇 经典 历史 推荐 口碑 版本 畅销 国人 中文版
493,有匪 . 壹 :少年游,978-7-5404-7795-0,无愧于 江湖 刀尖 南刀 甘棠 运气 阴霾 破雪 鲲鹏 草寇
494,灰犀牛 : 如何应对大概率危机 = The gray rhino : how to recognize and act on the obvious dangers we ignore,978-7-5086-6835-2,灰犀牛 危机 犀牛 概率 事件 黑天鹅 否认 比喻 迹象 管理
495,鬼吹灯 . 2 :龙岭迷窟,978-7-5552-2707-6,鬼吹灯 蜡烛 摸金校尉 悬魂 印记 绣花鞋 切断 大墓 之谜 精绝
496,影响力 = Influence: the psychology of persuasion : 珍藏版,978-7-213-06890-4,作出 原理 影响力 互惠 稀缺 认同 社会心理学 喜好 机械 承诺
497,"交易心理分析 = Trading in the Zone : Master the Market with Confidence, Discipline and a Winning Attitude",978-7-121-12752-6,信念 交易心理 分析 交易 心理 风险 赢家 优势 交易者 特性
498,哈利·波特与魔法石 : 全彩绘本,978-7-02-011143-5,彩绘 罗琳 男孩 彩图 对角 诺伯 保管员 板门 哈迷 绚丽
499,周期 : 投资机会、风险、态度与市场周期 = Mastering the market cycle:getting the odds on your side,978-7-5086-9914-1,周期 市场 投资 经济周期 投资人 风险 企业 资产 走极端 布局
500,非暴力沟通 = Nonviolent communication : 珍藏版,978-7-5080-8190-8,非暴力沟通 方式 倾听 感受 表达 和谐 谈话 暴力 内疚 爱的语言
501,挚野 = Sincere feelings,978-7-5500-3048-0,坠入 栖于 不悔 放浪 爱与信仰 朝暮 淡泊 轻狂 挚野 形骸
502,沉默的大多数,978-7-80256-587-6,知识分子 杂文 沉默 思想 国学 王小波 文化 科学 受虐狂 舞步
503,谢谢你离开我,978-7-5404-6059-4,爱情 爱我吗 谢谢你离开我 不来 活过 两条路 终究 张小娴 有情 离开
504,那不勒斯的萤火 = L'americano,978-7-5500-2751-0,交集 生活 萤火 优秀 儿子 人生 父亲 丧命 抢劫 贩毒
505,胭脂扣,978-7-5133-1174-8,胭脂扣 香港 妖艳 李碧华 主演 电影 著名 影展 影星 风头
506,天蓝色的彼岸 = The great blue yonder,978-7-5596-2843-5,姐姐 人间 哲学 再见 探索 马伯庸 告诉 生命 真的 撞倒
507,昆虫记 = Souvenirs entomologiques,978-7-5404-6371-7,蜣螂 昆虫 昆虫记 甲虫 周作人 剧作家 散文家 更有意义 隧蜂 翻译家
508,洗澡,978-7-02-009050-1,知识分子 改造 洗澡 近代知识分子 三反 浣衣 杨绛 儒林外史 效果 现代文学
509,哈利·波特与密室 : 全彩绘本,978-7-02-012041-3,密室 魔法 字迹 继承人 彩绘 警告 罗琳 回到 被涂 联想起
510,丰乳肥臀,978-7-5063-6666-3,丰乳肥臀 母亲 癫狂 苦难 世纪 载体 魔幻现实主义 弥漫着 流程图 抚育
511,深湖暗影 = Eerie figure in abyssal lake,978-7-5137-1522-5,肉球 婴儿 灵眼 求救信 故友 魔眼 珍宝 恶意 感受 真的
512,没有女人的男人们,978-7-5327-6877-6,发表 最早 春秋 文艺 妻子 器官 男人 演员 木野 驾驶
513,孤独是种大自在 = Loneliness is a kind of freedom,978-7-5145-1191-8,孤独 大自 境界 含带 怜惜 清欢 当事人 风月 精进 林清玄
514,给孩子讲宇宙,978-7-5357-9414-7,宇宙 地球 起源 给孩子 测算 天体 栖居 电磁波 淼哥 望见
515,东方快车谋杀案 = Murder on the orient express,978-7-5133-2685-8,证词 旅客 包厢 绑架案 公主 豪华 太太 侦探 午夜文库 一早
516,瓦尔登湖,978-7-201-08213-4,李继宏 瓦尔登湖 访客 梭罗 导读 认准 原先 豆田 注解 世界名著
517,生活图鉴,978-7-220-10945-4,生活 修理 洗衣 做饭 收纳 烹饪 整理 清扫 打扫卫生 打扫
518,银河帝国 . 1 :基地,978-7-5399-8329-5,银河帝国 银河系 行星 银河 星球 机器人 称之为 星际 地球 开启
519,用得上的商学课,978-7-5217-0121-0,思维 商学 用得上 品牌 价格 沟通 用户 客户 便宜 事儿
520,故乡 : 鲁迅专集 : 经典彩绘本,978-7-80716-910-9,鲁迅 散文 故乡 记略 正传 作品选 优胜 专集 彩绘 作品
521,告白,978-7-5404-7399-0,教师 告白 杀人者 女儿 爱女 学生 杀害 电影 推理 意外
522,盗墓笔记 . 捌 : 大结局 . 上,978-7-80740-801-7,古楼 胖子 鬼影 盗墓笔记 小花 大结局 考古队 秘密 终于 群山
523,没有秘密长不大,978-7-5332-6342-3,没有秘密长不大 姐姐 书迷 刊登 读后感 书房 秘密 来信 引子 妈妈
524,你若安好 便是晴天 : 林徽因传,978-7-5113-1658-5,林徽因 安好 晴天 便是 人间 聚散 烟火 修行 人物传记 女性
525,鸡蛋哥哥小组,978-7-5133-0684-3,鸡蛋 妹妹 小组 乌鸦 真棒 抱抱 大变身 日本绘本 金蛋 加油
526,真要命的旅行,978-7-5391-6479-3,真要命 旅行 老鼠记者 蟑螂 休假 客房 猫尿味 鲨共泳 再来一个 泳裤
527,米小圈上学记 :加油！足球小将,978-7-5365-6514-2,老妈 米小圈 护士节 天才 足球 医生 聪明 护士 更正 劳动节
528,以你为名的小时光,978-7-5500-3032-9,为名 青梅竹马 青春 蝴蝶 暗恋 小时 惶惶 相杀 妖孽 摄影展
529,人类简史 : 从动物到上帝 = =Sapiens : a brief history of humankind,978-7-5086-4735-7,人类简史 革命 历史 宗教 人类 科学 认知革命 资本主义 课程 鸿沟
530,那片星空，那片海,978-7-5404-7142-2,星空 用力 拥抱 紧张 爱情 鲜花 委屈 甜蜜 抱紧 刺穿
531,智能时代 : 大数据与智能革命重新定义未来,978-7-5086-6381-4,数据 智能 机器 革命 技术 产业 相关性 社会 商业 个性化
532,明朝那些事儿 . 第壹部 :洪武大帝,978-7-213-04633-9,明朝那些事儿 明朝 图书 历史 当年明月 对手 制度 等待 战争 政治经济
533,佩奇小时候 : 情绪情感,978-7-5397-9469-3,妈妈 小时候 牙齿 仙子 纸质书 行为习惯 劝阻 没满 幼儿 刷牙
534,他来了，请闭眼 . 下,978-7-5500-0989-9,男友 画像 神探 男人 甜蜜 爱情 推理 领悟力 闭眼 观察力
535,我许下三个愿望,978-7-5568-1498-5,小鸡 孩子 文化背景 小红帽 鸡窝 树根 炼出 打雷 撒谎 必不可少
536,鬼吹灯 . 8 :巫峡棺山,978-7-5552-2713-7,棺山 鬼吹灯 蜡烛 秘术 风水 离奇 古墓 幽灵 水墙 鱼雨
537,刻意练习 : 如何从新手到大师 = Peak : secrets from the new science of expertise,978-7-111-55128-7,刻意练习 表征 心理 适应能力 领域 大脑 天才 有助于 训练 技能
538,非暴力沟通 = Nonviolent communication,978-7-5080-9522-6,非暴力沟通 倾听 表达 观察 感受 解和 促成 指望 修养 写道
539,我的路 . 4 :春暖花开 = My way . 4 :Spring scenery,978-7-5318-1828-1,我的路 结局 希望 四叶草 春暖花开 埋在 寂地 种子 色彩 种下
540,遥远的向日葵地,978-7-5360-8446-9,向日葵地 李娟 外婆 擅于 丑丑 母亲 遥远 生存 狗带 和赛虎
541,对的时间对的人,978-7-5500-0984-4,大神 婚礼 下限 良善 强迫 强买强卖 笑意 温存 命定 走开
542,活着活着就老了,978-7-201-08398-8,活着 文字 战略规划 文章 香港 怪物 成佛 饭局 大龄 教派
543,以眨眼干杯,978-7-122-30746-0,绘里 高见 干杯 物色到 牧村 他杀 啜泣声 真野 掐死 相商
544,我与世界只差一个你 = Just for meeting you,978-7-201-11173-5,张皓宸 经历 写真 感谢信 天天向上 相遇 治愈 手写 明信片 新增
545,小豆豆频道,978-7-5442-4010-9,小豆豆 卷纸 小豆豆频道 演出 电视 声音 斥责 真髓 天真活泼 直率
546,启动大脑,978-7-122-22258-9,思维导图 大脑 学习 启动 全球 训练 培训 最新 思维 思维工具
547,白羊座 : 裙摆是花开的地方,978-7-5385-8966-5,母亲 父母 快乐 雪景 意林 坏掉 脱掉 相亲相爱 洋娃娃 裙摆
548,红星照耀中国 = Red Star Over China : 青少版,978-7-02-012907-2,红星 照耀 红军 红色 青少 教育部 革命 出版 纪实文学 保安
549,给孩子的动物寓言,978-7-5086-5879-7,寓言 给孩子 黄永玉 动物 孩子 短语 画作 艺术 猴子 臭虫
550,星际战争,978-7-5502-6831-9,飞船 峡谷 星际 星球 宇宙 地球 战争 宇航员 绘星 一线天
551,提灯映桃花 . 上册,978-7-5399-9687-5,地狱 提灯映桃花 无边 战场 男人 淮上 横刀 骨箭 神佛 生胎
552,后宫·如懿传 . 肆 = Ruyi's royal love in the palace,978-7-5404-7925-1,凤位 玉痕 后宫 风波 已读 不相 无子 倚仗 笑语 训斥
553,最后一头战象,978-7-5342-4998-3,最后一头战象 野猪 动物小说 动物 档案 变迁 生命 动物小说大王沈石溪 藏书 沈石溪
554,拥有一个你说了算的人生 : 活出自我篇,978-7-5139-2351-4,互动 自恋 关系 武志红 心理学 全能 身体 隐喻 说了算 依恋
555,后宫·如懿传 . 贰 = Ruyi's royal love in the palace,978-7-5404-7911-4,放心 家道中落 后宫 自傲 枯荣 侍女 孕产 倚望 囹圄 倒戈
556,"木头娃娃的旅行 = Hitty, her first hundred years",978-7-5414-5418-9,娃娃 旅行 木头 种植园 出海 美国 诗人 传奇 冒险 演唱会
557,高兴死了！！！ = Furiously happy: a funny book about horrible things,978-7-5594-0763-4,美国 抑郁症 患有 正要 低谷 日子 年度 疯狂 黑暗 提醒
558,百岁人生 : 长寿时代的生活和工作 = The 100-year life : living and working in an age of longevity,978-7-5086-8507-6,长寿 变革 时代 阶段 活到 工作 退休 劳动力 产业 模式
559,万水千山走遍,978-7-5302-1106-9,雨原 游记 三毛 旅行 感受 散文 药师 叙写 万水千山 迷城
560,哈佛商学院最受欢迎的营销课 = Different: escaping the competitive herd,978-7-5086-8652-3,品牌 营销 战略 消费者 差异化 产品类别 敌意 企业 类别 哈佛商学院
561,最新版上下五千年 . 下,978-7-5324-8937-4,改革 事变 大捷 称帝 大战 起义 亡国 治军 退敌 大败
562,腾讯传 : 1998-2016 : 中国互联网公司进化论,978-7-308-16420-7,互联网 腾讯 舆论 创业 梦网 战略 社交 读懂 企鹅 广告
563,皮皮鲁和教室里的隐身人,978-7-5342-9118-0,隐身人 皮皮鲁 特困生 老师 妹妹 教室 同学 公司 飘向 收藏夹
564,一只特立独行的猪,978-7-5302-1671-2,王小波 设置 知识分子 理性 智性 同性恋 黑色幽默 杂文 独立 当成
565,我的宝贝,978-7-5302-1474-9,三毛 项链 茶壶 别针 娃娃 仅存 橄榄树 药瓶 心形 双头蛇
566,明朝那些事儿 . 伍,978-7-5057-2418-1,明朝那些事儿 名将 明朝 万民 野心 阴谋家 成法 平壤 遗惠 摊牌
567,天才在左 疯子在右,978-7-307-07542-9,前篇 尽头 旅行者 迷失 世界 还原 穿孔 果冻 颅骨 精神病
568,草木深圳 :都市篇 = Shenzhen common plants,978-7-5507-1823-4,藤本 植物 灌木 草本 深圳 科属 大花 花期 红花 草木
569,5分钟商学院 :商业篇,978-7-5086-8503-8,商业 企业 定价 渠道 免费 营销 模型 理论 互联网 流量
570,小王子 = Le petit prince,978-7-201-07764-2,小王子 星球 死守 地理学家 傲慢 良方 漫游 负气 出走 吵架
571,愿人生从容 : 精装典藏版,978-7-5108-5103-2,从容 贾平凹 人生 难再 愿人 绵长 禁得住 配得 默守 过早地
572,大树小虫,978-7-5594-3131-8,配角 生于 国内小说 延展 白话小说 优裕 通力 高干 池莉 不谙世事
573,了不起的盖茨比 = The great Gatsby,978-7-201-07763-5,了不起的盖茨比 读到 塞林格 李继宏 迷恋 导读 村上春树 完美 启幕 建起
574,鱼羊野史 . 第2卷 : 3-4月,978-7-5404-6836-1,战役 皇帝 奥斯卡奖 美国 高晓松 兵马俑 武器 历史 鱼羊野史 外星人
575,城南旧事,978-7-5302-0962-2,城南旧事 英子 林海音 童年 却道 说不出来 视作 骆驼队 自传体 驴打滚
576,教父 . Ⅱ :西西里人 = The godfather . II :The Sicilian,978-7-5399-6743-1,教父 黑手党 战士 情人 血债 峻岭 藐视 故土 深仇 露骨
577,儒林外史,978-7-201-10687-8,儒林外史 秀才 逃婚 吴敬梓 名士 妙笔 孝子 时代 公子 讽刺
578,肖申克的救赎 = Different seasons,978-7-02-014340-5,肖申克的救赎 尸体 纳粹高徒 影片 奥斯卡奖 电影史 津津乐道 提名 最为 被誉为
579,爆裂 : 未来社会的9大生存原则 = Whiplash : how to survive our faster future,978-7-5086-8023-1,优于 爆裂 实验室 推力 违抗 涌现 拉力 多样性 媒体 韧性
580,"规模 : 复杂世界的简单法则 = Scale:the universal laws of growth,innovation,sustainability,and the pace of life in organisms,cities,economies,and companies",978-7-5086-8789-6,规模 法则 生长 生命体 万物 公司 简单 制约 逻辑 找到
581,朝花夕拾 = Dawn Blossoms Plucked at Dusk : 权威插图典藏版,978-7-5404-4810-3,朝花夕拾 伤逝 新编 插图 鲁迅 典藏版 创作 散文 所作 体味
582,超新星纪元,978-7-5113-6082-3,超新星 纪元 刘慈欣 科幻小说 科幻 地球 三体 想象力 宇宙 作品
583,直到那一天,978-7-5404-7850-6,女婴 扳机 人性 扣下 未找到 罹难 赶来 直到那一天 坠毁 人手
584,摩羯座 : 寄给青春一座城,978-7-5385-9456-0,幸运 愿望 身份 天使 纠纷 匮乏 濒临 真伪 玻璃房 涌来
585,陈志武金融通识课 : 金融其实很简单 = Introduction to finance,978-7-5404-8671-6,延伸 金融 阅读 公司 融资 银行 商业模式 借贷 投资 股票
586,俗世奇人 . 贰,978-7-5063-8420-9,俗世奇人 天津 异士 奇人 画报 醒俗 冯骥才 短篇小说 插图 人物
587,反脆弱 : 从不确定性中获益 = Antifragile,978-7-5086-4333-5,脆弱性 事物 反脆弱 黑天鹅 压力 波动 效率 选择权 预测 事件
588,显微镜下的大明,978-7-5404-8847-5,大明 基层 民间 政治 明朝历史 明代档案 读懂 历史纪实 细节 马伯庸
589,小狗钱钱 . 2 : 发掘和培养孩子的优秀品格,978-7-5442-5062-7,小狗钱钱 优秀品格 甜甜 奖学金 金钱 放大镜 准则 看得见 冒险 不辍
590,寻找阿加莎 = One came home,978-7-5414-7770-6,步枪 姐姐 亲情 狗子 美国 回家 线索 遭遇 读者 寻找
591,鬼吹灯 . 3 :云南虫谷,978-7-5552-2708-3,虫谷 鬼吹灯 蜡烛 摸金校尉 古墓 瘴疠 禁断 胎动 回环 妖甲
592,边城 : 插图版,978-7-213-07867-5,沈从文 爱情 姑娘 纯真 净土 清纯 历练 喧嚣 开辟 清澈
593,中国那些年（1949-1978） : 你所不知道的历史真相,978-7-5126-2832-8,纪事 历史 中国那些年 重大事件 不乏 人物 发展 真相 真实 涵括
594,蜜汁炖鱿鱼,978-7-5500-1563-0,电竞 韩商言 佟年 职业 听到 喜欢 发脾气 外露 翻唱 黏着
595,品味四讲 = 4 lectures about taste,978-7-5354-9284-5,美学 品味 生活 蒋勋 服装 步调 美好 忙乱 创出 伸展
596,终身学习 : 哈佛毕业后的六堂课,978-7-5202-0272-5,引文 情绪 思维 财富 终身 事业 学习 征途 拥有 工作
597,天长地久 : 给美君的信,978-7-5404-8807-9,龙应台 亲爱 烟尘 生命 亲情 台湾 母亲 孩子 禁语 阔别
598,明朝那些事儿 : 漫画版 . 壹 :萌太祖！朱元璋！,978-7-5502-3115-3,漫画版 明朝那些事儿 超好玩 明朝那些事 萌点 趣点 跌拓 最强 漫画绘本 空印
599,疾风回旋曲,978-7-5143-0653-8,推理 回旋曲 雪原 毒物 毒气 气温 疾风 被盗 生化武器 生者
600,我喜欢这个“功利”的世界 : 这世界承认每一个人的努力,978-7-5404-7543-7,咪蒙 功利 喜欢 操蛋 世界 励志 超过 国民 女作家 为时已晚
601,巴菲特致股东的信 : 投资者和公司高管教程 = The essays of Warren Buffett : lessons for investors and manager,978-7-111-59210-5,巴菲特 股东 投资 会计 公司 税务 高管 收购 替代品 估值
602,芯事 : 一本书读懂芯片产业 = The big bang of the chip : the only guide to IC industry,978-7-5478-4076-4,集成电路 芯片 发展 行业 产业 芯事 脉络 历程 解读 战略
603,5分钟商学院 :管理篇,978-7-5086-8539-7,管理 刘润 员工 定律 分钟商学院 商业 善用 药房 激励 订阅
604,气场哪里来,978-7-5321-7219-1,气场 女性 有的是 第一印象 紫色 知性 黄色 蓝色 好人 红色
605,哈利·波特与死亡圣器 = Harry Potter and the deathly hallows,978-7-02-014676-5,圣器 魔杖 离开 死亡 扇贝阅读 别无选择 麻瓜 追赶 牝鹿 毁掉
606,最美的时光 = The years for love,978-7-5404-5680-1,篮球 女孩 笑容 爱情 少女 苏蔓 付出 桐华 别离 青春
607,我的大喊大叫的一天!,978-7-5405-9243-1,糟糕 小女孩 懂得 情绪 妈妈 日子 幽默 情绪绘本 放宽 幸好
608,雨季不再来,978-7-5302-1110-6,雨季不再来 三毛 台湾 匪兵 二毛 见闻录 识相 紫衣 补考 极乐鸟
609,希利尔儿童世界历史,978-7-5060-7426-1,国王 历史 野蛮 世界 希腊人 儿童 百科 孩子们 时代 阶梯
610,世界的凛冬 = Winter of the world . 1,978-7-5399-9907-4,畅销书 排行榜 世纪三部曲 德国 年度 畅销 全球 世纪 真理报 通宵
611,小狗钱钱 : 让孩子和家长共同成长的金融读物,978-7-5365-6358-2,理财 投资 金钱 小狗钱钱 挣钱 支配 财务自由 太太 俱乐部 梦想
612,鬼吹灯 . 1 :精绝古城,978-7-5552-2706-9,精绝 鬼吹灯 蜡烛 黑风口 沙漠 神秘 野人 秘术 要塞 揭开
613,龙族 . Ⅲ :黑月之潮 . 上,978-7-5492-1646-8,零号 龙族 分部 无名 龙类 深潜 躲过 下潜 王牌 博士
